DimV_SK,violation,violdesc,violdttm,violstatus,statusdate,result,resultdttm,comments
100000,,,"",,,HE_Pass,2018-11-21 08:59:46,""
100001,01-3-101/701.11,Spoilage Unsafe Food,2012-05-15 11:06:01,Fail,,HE_Fail,2012-05-15 11:06:01,Visibly soiled   rotten lettuce and tomatoes in the sandwich unit - discarded during inspection
100002,01-3-201.11,Approved Source,2017-11-21 11:05:53,Fail,,HE_Fail,2017-11-21 11:05:53,Restaurant has purchased some foods not identified as a properly licensed wholesaler- ensure all foods are being purchased from a reputable wholesale supplier as discussed
100003,01-3-202.11-.17,Recieving/Sound Condition/Proper Temperatures,2014-05-27 14:24:33,Fail,,HE_Fail,2014-05-27 14:24:33,Mussels cracked and opened  removed from PIC. Make sure mussels are delivered in proper condition.
100004,01-3-202.12,Approved Food  or Color Additives,2010-01-08 10:53:37,Fail,,HE_Fail,2010-01-08 10:53:37,Food coloring supplied from grocery store with no english labels. Provide. Food coloring being added to foods on site. Discontinue and ensure all colorings are approved from the FDA.
100005,01-3-202.18,Shellstock ID,2016-02-17 12:52:46,Fail,,HE_Fail,2016-02-17 12:52:46,Missing tags - keep on site as discussed
100006,01-3-203.12,Tags & Records,2018-03-05 11:35:06,Fail,,HE_Fail,2018-03-05 11:35:06,Shellstock tags are not being maintained in chronological order. Organize shellstock tag file.
100007,01-3-602.11 B2,Labeling of Ingredients,2019-05-07 14:57:03,Fail,,HE_Fail,2019-05-07 14:57:03,Provide a ingredient list for desert as discussed.
100008,02-3-201.11F,Safe Food Handeling Instructions,2019-01-02 14:16:34,Fail,,HE_Fail,2019-01-02 14:16:34,Several squeeze bottles with dressings have no labels. Provide.
100009,02-3-602.11-.12/3-302.12,Food Container Labels,2019-05-07 14:57:03,Fail,,HE_Fail,2019-05-07 14:57:03,Lable bulk food containers. Sugar etc.
100010,03-3-402.11-.12,Parasite Destruction,2014-04-24 11:04:18,Fail,,HE_Fail,2014-04-24 11:04:18,Provide proof of parasite destruction for raw fish
100011,03-3-403.11,Reheating,2019-01-23 07:16:58,Fail,,HE_Fail,2019-01-23 07:16:58,PIC will need to review with staff to properly reheat foods to 165F before putting into hotm holding.
100012,03-3-501.14,Cooling,2017-11-14 10:13:26,Fail,,HE_Fail,2017-11-14 10:13:26,Cooked potatoes from the previous night (as stated by management) with an elevated temperature of 51F. Discontinue and ensure proper cooling methods are in place and staff have been properly trained. Potaotes were voluntarily discarded at the time of the
100013,03-3-501.16,Hot Holding,2013-07-25 11:09:29,Fail,,HE_Fail,2013-07-25 11:09:29,Temp of chili in hot hold 120r. (should be 1404
100014,03-3-501.16(A),Cold Holding,2018-06-05 08:36:18,Fail,,HE_Fail,2018-06-05 08:36:18,"Sour cream 45 F Cold cuts 47 F Provide proper refrigeration to maintain all PHF/TCSF's at proper temperature Serving line"
100015,03-3-501.19,Times as a Public Health Control,2019-04-17 14:31:07,Fail,,HE_Fail,2019-04-17 14:31:07,Tofu left in room temperature at prep area  registered 56F. PIC stated it had been out for 45 minutes  and placed it inside refrigerating unit. Maintain at 41F or below all the time.
100016,03-401.11-.12,Cooking Temperatures,2015-04-14 14:56:50,Fail,,HE_Fail,2015-04-14 14:56:50,Final cooking temperature of whole 4 pound chickens should be a minimum of 165F or higher - documented time on temperature logs read 160F - i checked the temperature during inspection and it was 155F but still had 45 minutes to cook -at 350F
100017,04-3-501.15/4-301.11,Inadequate Facilities/Cooling Methods,2007-10-11 14:14:46,Fail,,HE_Fail,2007-10-11 10:03:18,single continental running at 55F repair to run at 41 F or below
100018,05-4-302.12,Food Thermometers Provided,2017-10-25 14:36:29,Fail,,HE_Fail,2017-10-25 14:36:29,Provide
100019,06-3-501.13,"PHF's Properly Thawed",2014-01-30 13:55:13,Fail,,HE_Fail,2014-01-30 13:55:13,Thawing out raw chicken in stagnant water - thaw as discussed
100020,07-3-306.14,Reservice of PHF or Unwrapped Foods,2013-03-29 14:30:20,Fail,,HE_Fail,2013-03-29 14:30:20,"Parmesan cheese is going to tables in bowls and being reused for other tables.  Provide containers that are covered or discard the cheese after it has been on the customer's table."
100021,08-3-302.11/3-304.11,Separation  Segregation Cross Contamination,2007-10-11 14:14:46,Fail,,HE_Fail,2007-10-11 10:03:18,elevate food 6 inches off floor
100022,08-3-302.15,"Washing fruits and veg's.",2007-07-18 14:55:55,Fail,,HE_Fail,2007-07-17 14:50:40,""
100023,08-3-305-307.11,Food Protection,2018-06-05 08:36:18,Fail,,HE_Fail,2018-06-05 08:36:18,Exposed foods stored directly next to hand washing facilites - No splash guard (Serving line/prep area) Salad topping/condiments at salad bar/self service  (Serving line/prep/salad bar) No signage reminding customers to use utensils at self service baker
100024,09-3-301.11(C),Handling of Food & Ice,2018-05-02 15:16:27,Fail,,HE_Fail,2018-05-02 15:16:27,Provide scoop with handle for flour container.
100025,10-3-304.12,Food Utensil Storage,2014-01-30 11:51:36,Fail,,HE_Fail,2014-01-30 11:51:36,pizza cutter stored in stagnant water  store clean and dry
100026,10-4.302.11,Food Utensil Storage,2019-05-21 12:24:22,Fail,,HE_Fail,2019-05-21 12:24:22,Cooking line utensils are stored in sanitizer buckets.  Store utensils properly.
100027,11-2-201.12,Personnel w/ Infections Restricted/Excluded,2018-10-12 08:14:11,Fail,,HE_Fail,2018-10-12 08:14:11,Employee with confirmed illness on site.PIC instructed to exclude employee from working until cleared by Boston Public health.
100028,12-2-301.12-.15,Adequate Handwashing/Where/When/How,2016-04-14 10:33:20,Fail,,HE_Fail,2016-04-14 10:33:20,observed employee rinse hands in wash bay/provide proper training to wash hands in designated handsink
100029,12-2-401.11-.12,Good Hygienic Practices,2007-08-29 15:35:08,Fail,,HE_Fail,2007-08-29 10:39:13,Food handler did not cover mouth while  coughing. Employee place hat on in food prep area Did not change gloves and wash hands.
100030,12-3--301.11,Prevention of Contamination from Hands,2017-11-07 19:03:35,Fail,,HE_Fail,2017-11-07 19:03:35,Observed employee cutting bread for service with bare hands.Discontinue.Ensure proper glove use for ready to eat products.
100031,13-2-304/402.11,Clean Cloths  Hair Restraint,2007-08-29 15:35:08,Fail,,HE_Fail,2007-08-29 10:39:13,Food handlers not wearing hair restraints. Remove cloth towels from Uniforms.
100032,14-4-202.11,Food Contact Surfaces Design,2007-10-11 14:14:46,Fail,,HE_Fail,2007-10-11 10:03:18,remove items from top of ice machine and clean interior of lid
100033,15-4-202.16,Non-Food Contact Surfaces,2013-03-06 10:11:37,Fail,,HE_Filed,2013-03-06 10:11:37,Provide utensil sign for soups station.
100034,16-4-204.117,Low Sanitizer Alarm,2016-07-29 15:02:00,Fail,,HE_Fail,2016-07-29 15:02:00,Dish Machine not installed properly. Hose discharging water in the handwashing sink. Provide proper plumbing.
100035,16-4-301.12,Three Compartment Sink,2018-06-01 09:20:27,Fail,,HE_Fail,2018-06-01 09:20:27,provide air drying rack at 3 compartment sink.
100036,16-4-501.11/.15,Dishwashng Facilities,2018-06-05 08:36:18,Fail,,HE_Fail,2018-06-05 08:36:18,Gauge - Wash 147  Dish washing company called and responded prior my departure Original gauges not working
100037,17-4-204.112/.115,Equipment Thermometers,2015-07-27 12:31:52,Fail,,HE_Fail,2015-07-27 12:31:52,Refrigeration unit at front counter missing an internal thermometer.Provide
100038,17-4-302.14,Test Kit Provided,2010-04-27 10:37:06,Fail,,HE_Fail,2010-04-27 10:37:06,Provide proper quaternary ammonium test kit for sanitizing solution.
100039,18-4-603.12,Pre-Flushed  Scrapped  Soaked,2018-04-10 11:27:01,Fail,,HE_Fail,2018-04-10 11:27:01,Three compartment sink filled with soiled cook wear . Remove provide cart to store soil wares.
100040,19-4-501.18-.110,Wash Rinse Water Clean Proper Temperature.,2012-11-05 10:54:48,Fail,,HE_Fail,2012-11-05 10:54:48,Repair wash temp gauge to dishwasher.
100041,20-4-703.11,Food Contact Surfaces Clean,2016-09-22 13:41:20,Fail,,HE_Fail,2016-09-22 13:41:20,Interior/exterior of ice machine soiled.Clean to remove soils.Maintain clean and sanitized.
100042,21-3-304.14,Wiping Cloths  Clean  Sanitize,2007-08-29 15:35:08,Fail,,HE_Fail,2007-08-29 10:39:13,Wiping cloths stored on counters not in a sanitizing solution.
100043,22-4-601/602.11,Food Contact Surfaces Clean,2007-10-11 14:14:46,Fail,,HE_Fail,2007-10-11 10:03:18,clean interior of cream dispenser
100044,23-4-602.13,Non-Food Contact Surfaces Clean,2013-03-06 10:11:37,Fail,,HE_Filed,2013-03-06 10:11:37,Clean rent fan cover inside # 10 reach in
100045,24-4-903.11,Clean Equipment & Utensils Storage,2012-02-28 11:01:10,Fail,,HE_Filed,2012-02-28 11:01:10,Clean utensils being stored under 2 bay dump sink. PIC removed and placed all utensils in a  clean and protected area.
100046,24-4-904.11AB,Improper Storage of Re-usable Utensils,2018-03-27 08:24:56,Fail,,HE_Fail,2018-03-27 08:24:56,Invert clean utensils (pots and pans)
100047,25-4-904.11,Single Service Articles Stored Dispensed,2018-10-29 07:36:32,Fail,,HE_Fail,2018-10-29 07:36:32,Invert plastic knives. (handles one way)
100048,26-4-502.13,Re-use of Single Service Articles,2016-05-05 09:07:05,Fail,,HE_Fail,2016-05-05 09:07:05,Straw on bar not individually wrapped or dispensed to prevent contamination
100049,27-5-103.11-.12,Hot and Cold Water,2007-10-11 14:14:46,Fail,,HE_Fail,2007-10-11 10:03:18,handsink by deli no hot water
100050,28-5-402.13,Sewage and Waste Water,2018-09-25 08:14:53,Fail,,HE_Fail,2018-09-25 08:14:53,remove possible raw sewage from basement/possibly from cracked pipe in old laundry building
100051,29-5-201/02.11,Installed and Maintained,2018-06-05 08:36:18,Fail,,HE_Fail,2018-06-05 08:36:18,Hot water at hand sink on serving line/prep area 86 F - Must maintain 110 F - Plumber called  responded and corrected hot water issue. At end of inspection hot water was 113 F
100052,30-5-203.14,Cross Connection Back Siphonage  Backflow,2012-06-20 13:49:40,Fail,,HE_Fail,2012-06-20 13:49:40,Hose connected directly to water supply with no evidence of a backflow preventor. Discontinue use or provide a backflow preventor.
100053,31-5-203.11,Number  Convenient,2011-11-09 11:58:42,Fail,,HE_Fail,2011-11-09 11:58:42,Provide proper handwash sink in basement food prep area.
100054,31-5-204/05.11,Location  Accessible,2019-05-07 14:57:03,Fail,,HE_Fail,2019-05-07 14:57:03,Discontinue to block hand sink in warewashing.
100055,32-6-301.11-02.11,Hand Cleaner  Drying  Tissue Signage,2016-09-22 13:41:20,Fail,,HE_Fail,2016-09-22 13:41:20,"Provide ""Please use utensil signage"" at all self service stations."
100056,32-6-501.11-.12/6-202.14,Toilet Enclosed Clean,2012-10-12 10:11:38,Fail,,HE_Fail,2012-10-12 10:11:38,adjust handsinks in restrooms to run minimum 20 seconds
100057,33-5-501.116,Improper Cleaning of Receptacles,2012-03-01 12:59:06,Fail,,HE_Fail,2012-03-01 12:59:06,Clean dumpster area
100058,33-5-501.13-.17,Adequate Number  Frequency Vermin Proof,2018-06-01 09:20:27,Fail,,HE_Fail,2018-06-01 09:20:27,provide covers for all trash receptacles.
100059,34-5-501.111/.115,Outside Storage Improperly Maintained,2017-10-25 14:36:29,Fail,,HE_Fail,2017-10-25 14:36:29,Clean trash barrels frm all loose debris
100060,35-6-501.111/.115,Insects  Rodents  Animals,2017-05-10 11:36:14,Fail,,HE_Fail,2017-05-10 11:36:14,Rodent droppings on dry storage shelving in back hallway. Provide updated pest control report upon reinspection.
100061,36-6-201.11,Floors Designed Constructed Installed,2018-06-01 09:20:27,Fail,,HE_Fail,2018-06-01 09:20:27,clean floor throughout as needed.
100062,36-6-501.11-.12,Improper Maintenance of Floors,2016-09-22 13:41:20,Fail,,HE_Fail,2016-09-22 13:41:20,Clean to remove evidence of rodent droppings in the food storage room and employee womens rest room area.
100063,37-6-201.11,Walls/Ceilings Designed Constructed Installed,2016-03-25 13:16:46,Fail,,HE_Fail,2016-03-25 13:16:46,Dry storage for dry food goods in rear hallway with flaking paint. Resurface to maintain smooth  durable  non porous and easily cleanable. Grease trap cover appears to be rusted with buildup. Clean and resurface. Walls in dish area with food spatters and
100064,37-6-501.11-.12,Improper Maintenance of Walls/Ceilings,2019-05-07 14:57:03,Fail,,HE_Fail,2019-05-07 14:57:03,Clean hood filters on cookline.
100065,38-6-202.11,"Fixture's not properly shielded",2007-08-29 15:35:08,Fail,,HE_Fail,2007-08-29 10:39:13,Light shield broken -prep area.
100066,38-6-303.11,Inadequate Lighting,2007-08-29 15:35:08,Fail,,HE_Fail,2007-08-29 10:39:13,Replace broken light fixture -prep area.
100067,39-6-304.11,Rooms and Equipment Vented,2016-03-02 13:13:13,Fail,,HE_Fail,2016-03-02 13:13:13,Large amount of steam buildup in lower prep area and dish machine area.Provide proper ventilation for all areas.PIC states they are addressing the issue.
100068,40-6-305.11,Dressing Rooms Clean/Lockers Provided,2014-04-28 10:39:03,Fail,,HE_Fail,2014-04-28 10:39:03,relocate all street clothing from kitchen area...
100069,41-7-101.11,Toxic Items: Original Container,2010-10-29 10:15:58,Fail,,HE_Fail,2010-10-29 10:15:58,Remove all paint Cans from storage throughout
100070,41-7-102.11,Labeled  Common Name,2008-07-08 08:44:44,Fail,,HE_Fail,2008-07-07 13:14:17,Plastic Battle of detergent not labeled.
100071,41-7-201/04.11,Separation/Sanitizer Criteria,2014-01-30 11:51:36,Fail,,HE_Fail,2014-01-30 11:51:36,chlorine not registering in low temperature machine at bar  repair
100072,41-7-206.12/.13,Pesticide Usage,2014-10-08 13:23:31,Fail,,HE_Fail,2014-10-08 13:23:31,There are cans of raid in the basement.  Remove all pesticides and make srue that any pesticide application is done by a licensed exterminator.
100073,41-7-207-09.11,Medicines  FirstAid Storage,2007-10-25 15:42:16,Fail,,HE_Fail,2007-10-25 10:57:22,medicene stored in prep area
100074,42-5-203.13,Mop Sink not Provided,2018-07-31 15:34:38,Fail,,HE_Fail,2018-07-31 15:34:38,No mop sink on site. Observed worker dump soiled water into street off trash storage area. Discontinue. Dispose of grey water in toilet until mop sink can be provided.
100075,42-6-501.113/.114,Premises Maintained,2014-01-30 13:55:13,Fail,,HE_Fail,2014-01-30 13:55:13,Elevate soiled mop off the floor when not in use
100076,43-6-202.111/.112,Living/Sleeping Quaters/Laundry,2008-02-28 15:19:48,Fail,,HE_Fail,2008-02-28 12:40:50,provide proper storage of all employee clothing
100077,44-4-802/03.11,Soiled Linen Storage,2016-02-17 12:52:46,Fail,,HE_Fail,2016-02-17 12:52:46,Soiled rags and aprons discarded on the floor - stora as discussed
100078,44-903.11,Proper storage of clean linen,2017-08-17 14:26:19,Fail,,HE_Fail,2017-08-17 14:26:19,Carpet stored on top shelf above clean linen - Basement
100079,45-3-801.11,Food Restrictions & Preparation,2007-07-18 14:55:55,Fail,,HE_Fail,2007-07-17 14:50:40,""
100080,46-CH-111,Public Nuisance,2016-02-03 13:48:51,Fail,,HE_Fail,2016-02-03 13:48:51,Complaint made concerning outdoor smoker machine causing smoke to adjacent residences. Cease all  outdoor cooking operations immediately. Seek approval from authorities for outside cooking operations.
100081,590.002(A)/2-101.11-PF,Assignment (Pf),2021-01-06 14:02:56,Pass,2021-01-06 15:16:20,HE_Pass,2021-01-06 14:02:56,CFPM Hung Duong was unable to describe cooling procedures  had no knowledge of how foods are prepared. No illness policy and not all symptoms known.
100082,590.002(B)/2-102.11-PF,(A)  (B) and (C)(1)  (4)-(16) Demonstration (Pf),2021-09-22 15:47:31,Fail,,HE_Fail,2021-09-22 15:47:31,"No food safety or allergen awareness certificates on site - PIC and the management team were unaware of the COVID-19 mask wearing rules and regulations in the City of Boston that had statred back in Aiugust 2021. No signage on the front door or anywhere "
100083,590.002(C)/2-102.12-C,(A) Certified Food Protection Manager (C),2020-09-25 12:47:12,Fail,,HE_Fail,2020-09-25 12:47:12,provide allergen certificate for certified food manager
100084,590.002(D)/2-103.11-PF,(A)-(P) Person-In-Charge-Duties (Pf),2022-01-19 14:41:20,Fail,,HE_Fail,2022-01-19 14:41:20,They have not paid for their 2022 health permit.  Provide payment for the health permit.
100085,590.002(E)/2-201.11-P,(A) & (C) Responsibility of Permit Holder  Person in Charge  and Conditional Employees (P),2020-07-16 10:45:50,Fail,,HE_Fail,2020-07-16 10:45:50,Management did not report ill staff to the health department. Illness policy handout provided.
100086,590.002(E)/2-201.11-PF,(B) & (E) Responsibility of Permit Holder  Person in Charge  and Conditional Employees (Pf ),2019-10-08 12:05:12,Fail,,HE_Fail,2019-10-08 12:05:12,""
100087,590.002(F)/2-201.13-P,Removal  Adjustment  or Retention of Exclusions & Restrictions (P),2019-08-07 10:35:54,Fail,,HE_Fail,2019-08-07 10:35:54,provide employee illness reporting agreement.
100088,590.002/2-102.11-PF,(C)(2) (3) and (17) Demonstration (Pf),2021-12-01 12:06:31,Fail,,HE_Fail,2021-12-01 12:06:31,Person in charge has no knowledge of employee illness policy. Learn and re-train all staff.
100089,590.002/2-103.11-PF,(O) Person in Charge-Duties (Pf),2020-01-02 12:06:58,Fail,,HE_Fail,2020-01-02 12:06:58,There is no proof that employees have been trained in employee illness or reporting.  Properly trian all the employees.
100090,590.002/2-201.11-P,(D) and (F) Responsibility of Permit Holder  Person in Charge  and Conditional Employees Responsibility of the PIC to Exclude or Restrict (P),2020-11-03 10:25:39,Fail,,HE_Fail,2020-11-03 10:25:39,Owner did not report illness to ISD health department as is required. Requirements provided to the owner via email.
100091,590.002/2-201.12-P,Exclusions & Restrictions (P),2022-02-07 13:49:11,Fail,,HE_Fail,2022-02-07 13:49:11,Child seated in the service area. Remove the child from the active food service area.
100092,590.002/2-301.11-P,Clean condition-Hands and Arms (P),2021-01-26 14:44:01,Fail,,HE_Fail,2021-01-26 14:44:01,PIC will need to monitor hand sink to be sure stocked with paper towels and soap at all times. Staff will need to be able to wash hand when needed.
100093,590.002/2-301.12-P,Cleaning Procedure (P),2019-07-23 12:02:51,Fail,,HE_Fail,2019-07-23 12:02:51,Provide paper towels at all hand sinks.
100094,590.002/2-301.14-P,When to Wash (P),2020-02-18 11:06:30,Fail,,HE_Fail,2020-02-18 11:06:30,Food workers are not washing hands with the proper frequency. Upon initial arrival  cookline handsink and warewashing handsink found without paper towels. Retrain staff.
100095,590.002/2-301.15-PF,Where to Wash (Pf),2021-09-28 17:22:41,Fail,,HE_Fail,2021-09-28 17:22:41,Observed employee washing hands in prep sink next to handsink. Discussed with PIC to inform employees to wash hands in handsinks only.
100096,590.002/2-301.16-PF,Hand Antiseptics (Pf),2019-07-02 13:12:18,Fail,,HE_Fail,2019-07-02 13:12:18,No soap at hand sink in restroom or back preparation area. Provide.
100097,590.002/2-303.11-C,Prohibition-Jewelry (C),2020-06-29 15:08:08,Fail,,HE_Fail,2020-06-29 15:08:08,""
100098,590.002/2-304.11-C,Clean Condition-Outer Clothing (C),2021-09-24 13:32:12,Fail,,HE_Fail,2021-09-24 13:32:12,Discontinue any open toe shoes while working or preparing foods
100099,590.002/2-401.11-C,Eating  Drinking  or Using Tobacco (C),2020-02-04 13:03:36,Fail,,HE_Fail,2020-02-04 13:03:36,Employees Coffee cup  at cookline .Remove
100100,590.002/2-402.11-C,Effectiveness-Hair Restraints (C),2019-11-22 17:32:36,Fail,,HE_Fail,2019-11-22 17:32:36,provide proper hair restraints
100101,590.002/2-403.11-PF,Handling Prohibition-Animals (Pf),2019-06-24 11:24:06,Fail,,HE_Fail,2019-06-24 11:24:06,There was a dog in the establishment.  The employees are only asking if it is a service animal they are tld by Starbuck corp. to not ask the second question about what service does the animal provide.  Train employees to ask both questions (left paperwor
100102,590.002/2-501.11-PF,Clean-up of Vomiting and Diarrheal Events (Pf),2019-10-08 12:05:12,Fail,,HE_Fail,2019-10-08 12:05:12,provide a vomit and diarrhea clean up kit.
100103,590.003(A)/3-201.11-C,Compliance with Food Law (C),2021-05-17 11:28:01,Fail,,HE_Fail,2021-05-17 11:28:01,"2 bags of raw fresh fish stored in grocery bags PIC says it's not for restaurant its for home advised she should store aware from food she prepares for the public. She stored in Homestyle freezer in basement.- Discontinue receiving fish from an unknown s"
100104,590.003(A)/3-201.11-P,Compliance with Food Law (P),2020-10-19 13:09:18,Fail,,HE_Fail,2020-10-19 13:09:18,Kimchi made at home on premises denatured and discarded 2lbs.
100105,590.003(A)/3-201.11-PF,Compliance with Food Law  (Pf),2021-02-05 12:37:03,Fail,,HE_Fail,2021-02-05 12:37:03,Several foods are being ourchased from retail facilities  discontinue and only purchase foods from a professionally licensed wholesale company as discussed
100106,590.003(B)/3-203.11-C,Molluscan Shellfish  Original Container (C),2021-09-28 10:38:31,Fail,,HE_Fail,2021-09-28 10:38:31,Raw oysters and cherry stones at pantry station with no tags with product. COS.
100107,590.003(C)/3-301.11-C,Preventing Contamination from Hands (C),2020-07-01 15:20:11,Fail,,HE_Fail,2020-07-01 15:20:11,Remove soiled utensils (2) from the hand sink to the left of the cookimg line to properly wash hands without restrictions
100108,590.003(C)/3-301.11-P,Preventing Contamination from Hands (P),2020-06-19 11:01:18,Fail,,HE_Fail,2020-06-19 11:01:18,Observed employees handling products during preparation with bare hands
100109,590.003(C)/3-301.11-PF,Preventing Contamination from Hands (Pf),2020-02-18 11:06:30,Fail,,HE_Fail,2020-02-18 11:06:30,Observed food worker touch ready to eat slaw mixture with bare hands at cookline. Product voluntarily discarded. COS.
100110,590.003(D)/3-501.19-C,Time as a Public Health Control ( C),2021-01-28 13:10:05,Fail,,HE_Filed,2021-01-28 13:10:05,Flat of raw shell eggs on top of the counter - discard practices and keep eggs cold at 41F or lower - can receive eggs at 45F but they must be refrigerated immediately- Eggs were at 41F - No cold holding violation  just bad retail practice - owner addres
100111,590.003(D)/3-501.19-P,Time as a Public Health Control (P),2021-01-27 11:27:42,Fail,,HE_Fail,2021-01-27 11:27:42,Lettuce and tomatoes held at ambient temps 62F lettuce  tomatoes 58f @9:30am. no logs to document when supposed to discard- please provide logs
100112,590.003(D)/3-501.19-PF,Time as a Public Health Control ( Pf),2022-01-24 10:54:32,Fail,,HE_Fail,2022-01-24 10:54:32,Establishment is using time rather than temperature to hold pizza slices at ambient room temperature. Discontinue until written procedures are submitted to ISD health division. Handouts provided via email.
100113,590.003/3-101.11-P,Safe  Unadulterated and Honestly Presented (P),2021-06-25 12:18:57,Fail,,HE_Fail,2021-06-25 12:18:57,Several fermented foods observed with lack of documented controls  improperly stored  and found in unapproved food contact surface containers. All unsafe fermented and ROP packaged foods discarded and denatured on site under disposal order. (See attached
100114,590.003/3-201.12-P,Food in a Hermetically Sealed Container (P),2020-12-15 14:26:49,Fail,,HE_Fail,2020-12-15 14:26:49,They are getting soups from their Somerville location that are appear to be cook chill and in reduced oxygen packaging.  Provide information about the approval of the source of the soup.
100115,590.003/3-201.14-P,Fish (P),2021-07-22 15:08:39,Fail,,HE_Fail,2021-07-22 15:08:39,2 Fish in plastic bag no label no instructions  when asked it was 2 Fish in plastic bag no labels  it was from someone fishing that was brought in- Discontinue using items that are not from an approved source.
100116,590.003/3-202.11-P,Temperature (P),2021-03-04 10:46:34,Fail,,HE_Fail,2021-03-04 10:46:34,"Rice noodles dropped off my ""Sun Hing Noodle 170 Lincoln Street Boston with a temperature of 87F. Product voluntarily discarded on site."
100117,590.003/3-202.110-P,Juice Treated-Commercially Processed (P),2021-09-16 13:48:53,Fail,,HE_Fail,2021-09-16 13:48:53,"""Fresh squeezed"" orange juice sold in self-service cooler without label indicating it is not pasteurized. Removed by PIC. Discontinue selling orange juice without proper labeling."
100118,590.003/3-202.110-PF,Juice Treated-Commercially Processed (Pf),2020-09-24 15:45:58,Fail,,HE_Fail,2020-09-24 15:45:58,They are getting pre-packaged juice from their location in another juristiction.  Provide information that the location is either under state wholesale or that the location is only providing this one additional location so it does not need to be under st
100119,590.003/3-202.12-P,Additives (P),2021-01-06 14:02:56,Pass,2021-01-06 15:16:20,HE_Pass,2021-01-06 14:02:56,Using food coloring that contain additives. Discontinue and ensure food grade colorant used.
100120,590.003/3-202.13-P,Eggs (P),2021-09-21 12:03:41,Fail,,HE_Fail,2021-09-21 12:03:41,Severalmcartons of raw eggs out for retail sale are visible compromised - go through each carton that has been compromised and discard any and all broken cracked and damaged cartons
100121,590.003/3-202.15-PF,Package Integrity (Pf),2020-12-04 16:55:44,Pass,2020-12-07 07:47:51,HE_Pass,2020-12-04 16:55:44,Observed 5 gallon bucket of tofu in plastic bag with no lid on back steps. Left there by delivery company. Ensure deliveries are received in proper condition.
100122,590.003/3-202.16-P,Ice (P),2019-11-21 20:02:21,Fail,,HE_Fail,2019-11-21 20:02:21,Clean inside the Ice machine from an accumulation of visible soils
100123,590.003/3-202.17-C,Shucked Shellfish  Packaging and Identification (C),2019-10-15 10:53:22,Fail,,HE_Fail,2019-10-15 10:53:22,Ensure all shellfish identification tags are kept on site for a minimum of 90 days  stored in chronological order as discussed during inspection
100124,590.003/3-202.17-PF,Shucked Shellfish  Packaging and Identification (Pf),2020-07-13 11:50:44,Fail,,HE_Fail,2020-07-13 11:50:44,No shell stock tags available for oysters and clams at the time of the inspection. Provide and maintain for a minimum of 90 days.
100125,590.003/3-202.18-C,Shell stock Identification (C),2020-02-06 13:08:18,Fail,,HE_Fail,2020-02-06 13:08:18,Clam store in service area  without tags.. PIC remove
100126,590.003/3-202.18-PF,Shell stock Identification (Pf),2021-11-30 13:37:29,Fail,,HE_Fail,2021-11-30 13:37:29,No last day served on shellfish tags. Provide date last served.
100127,590.003/3-203.12-PF,Shell stock  Maintaining Identification (Pf),2021-03-25 13:51:38,Fail,,HE_Fail,2021-03-25 13:51:38,They just received their delivery for the weekend and some of the shellstock bags were commingled.  Provide separation.  They are saving the tags for 90 days but not consistently marking the date the bag is emptied on the tag.  Properly mark the tags.
100128,590.003/3-302.11-C,Packaged and Unpackaged Food-Separation  Packaging  and Segregation  (C),2021-09-22 15:47:31,Fail,,HE_Fail,2021-09-22 15:47:31,Store raw shell weggs on the bottom shelves  underneath the fresh produce to reduce contamination
100129,590.003/3-302.11-P,Packaged and Unpackaged Food-Separation  Packaging  and Segregation (P),2021-05-12 14:57:42,Fail,,HE_Fail,2021-05-12 14:57:42,Observed thawing of both poultry and whole muscle meat together. PIC seperate/stored in reach in unit. Corrected on site
100130,590.003/3-302.12-C,Food Storage Containers Identified with Common Name of Food (C),2021-09-29 17:07:12,Fail,,HE_Fail,2021-09-29 17:07:12,Label to properly identify all bulk food containers in the back room storage area of the  basmnent
100131,590.003/3-302.13-P,Pasteurized Eggs Substituted for Raw Eggs for Certain Recipes (P),2021-01-06 14:02:56,Pass,2021-01-06 15:16:20,HE_Pass,2021-01-06 14:02:56,Discontinue using raw eggs for mayonnaise used on sandwiches
100132,590.003/3-302.15-C,Washing Fruits and Vegetables (C),2019-10-24 11:01:26,Fail,,HE_Fail,2019-10-24 11:01:26,Designate a sink as discussed to wash all produce
100133,590.003/3-302.15-PF,Washing Fruits and Vegetables (Pf),2019-09-09 10:57:17,Fail,,HE_Fail,2019-09-09 10:57:17,At the time of the inspection the vegetable wash tested at higher than recommended manufacturers specifications for concentration
100134,590.003/3-303.11-P,Ice Used as Exterior Coolant  Prohibited as Ingredient (P),2019-09-25 13:33:11,Fail,,HE_Fail,2019-09-25 13:33:11,Ice for soda station used also for cold holding of some bottled beverages. Separate properly.
100135,590.003/3-303.12-C,Storage or Display of Food in Contact with Water or Ice (C),2021-09-28 10:38:31,Fail,,HE_Fail,2021-09-28 10:38:31,Shellstock stored in pans of undrained ice. Store properly in draining ice bin.
100136,590.003/3-304.11-P,Food Contact with Equipment  Utensils  and Linens (P),2019-07-22 13:20:17,Pass,2019-07-22 15:48:16,HE_Pass,2019-07-22 13:20:17,Facility not performing proper warewashing for the last two days.  I observed full prep taking place at the kitchen area. Not sure what warewashing is performed for the utensils/equipment currently in use. Ensure that all food potentially contaminated is
100137,590.003/3-304.12-C,In-Use Utensils  Between-Use Storage (C),2019-12-17 12:25:34,Fail,,HE_Fail,2019-12-17 12:25:34,Scoop handles found submerge in ice in bar area.  remove
100138,590.003/3-304.13-C,Linens and Napkins  Use Limitations (C),2021-02-24 13:11:15,Fail,,HE_Filed,2021-02-24 13:11:15,Discontinue pre setting table aprons and cloth napkins in the back room -  set up as needed according to business hours of operation to reduce potential contamination
100139,590.003/3-304.14-C,Wiping Cloths  Use Limitation (C),2020-03-18 11:55:06,Fail,,HE_Fail,2020-03-18 11:55:06,provide wiping cloths in a solution between 200-400ppm/tested at 100ppm
100140,590.003/3-304.15-C,(B)-(D) Gloves  Use Limitations (C),2020-11-06 12:54:25,Fail,,HE_Fail,2020-11-06 12:54:25,Change gloves when they have been compromised  altered - change in between tasks - employee wearing gloves with a hole in them
100141,590.003/3-304.15-P,(A) Gloves  Use Limitation (P),2021-07-01 12:19:12,Fail,,HE_Fail,2021-07-01 12:19:12,Observed employee using gloved hands to place raw meats on grill and then use the same gloved hand to remove cooked meats.  Employees must be retrained in food safety and cross contamination Emploee removed gloves  washed his hands and put on new gloves.
100142,590.003/3-304.16-C,Using Clean Tableware for Second Portions and Refills (C),2019-09-16 14:51:21,Pass,2019-09-20 08:59:19,HE_Filed,2019-09-16 14:51:21,""
100143,590.003/3-305.11-C,Food Storage-Preventing Contamination from the Premises (C),2021-09-29 17:07:12,Fail,,HE_Fail,2021-09-29 17:07:12,Open bags of starches   condiments   half full paper bags discarded all over the rear storage room in the basement - keep all these inside a commercial grade food container with tight fitting lids to reduce potential contamination   increase intregity of
100144,590.003/3-305.12-C,Food Storage  Prohibited Areas (C),2021-03-25 13:51:38,Fail,,HE_Fail,2021-03-25 13:51:38,There are pipes in the basement dry storage area that appear to be sewer lines and there is food stored underneath.  Properly store food.
100145,590.003/3-305.13-C,Vended Time/Temperature Control for Safety Food  Original Container (C),2021-12-22 10:04:22,Fail,,HE_Fail,2021-12-22 10:04:22,Bags of rice noodle in basment not labeled. Provide proper label. Provide invoice and original package label from source Sun Hing noodle per on site PIC.
100146,590.003/3-305.14-C,Food Preparation (C),2019-11-22 17:32:36,Fail,,HE_Fail,2019-11-22 17:32:36,provide cover to all employee drinks
100147,590.003/3-306.11-P,Food Display-Preventing Contamination by Consumers (P),2020-02-14 10:55:30,Fail,,HE_Fail,2020-02-14 10:55:30,Container of raw eggs observed being stored directly  above open boxes of lemons and limes. Discontinue and store appropriately to ensure no contamination from raw eggs.
100148,590.003/3-306.12-C,Condiments  Protection (C),2019-12-16 08:56:34,Fail,,HE_Fail,2019-12-16 08:56:34,Open foods not stored in food grade covered container - Prep/storage areas
100149,590.003/3-306.13-P,(A) Consumer Self-Service Operations (P),2021-03-22 13:34:10,Fail,,HE_Fail,2021-03-22 13:34:10,Discontinue allowing customers to use the self service soda fountain until further notice has been provided from the current COVID-19 restrictions
100150,590.003/3-306.13-PF,(B) and (C) Consumer Self-Service Operations (Pf),2019-07-24 12:22:03,Fail,,HE_Fail,2019-07-24 12:22:03,register bulk candies/provide utensils only signage
100151,590.003/3-307.11-C,Miscellaneous Sources of Contamination (C),2021-11-02 11:47:41,Fail,,HE_Fail,2021-11-02 11:47:41,Mop sink with no door directly next to ice machine. Provide barrier.
100152,590.003/3-401.11-P,Raw Animal Foods-Cooking (P),2020-02-06 11:35:29,Fail,,HE_Fail,2020-02-06 11:35:29,Chicken sharwarma 152F. Cook until 165F. Measure final cooking temperatures with a probe bimetalic stem thermometer prior to slicing for service. Establishment using surface thermometer. Product removed from service until reaches 165F. COS.
100153,590.003/3-401.11-PF,Raw Animal Foods-Cooking (Pf),2020-10-27 13:12:51,Fail,,HE_Fail,2020-10-27 13:12:51,Salmon temped @ 120f  Fish tacos temped @ 133f  Ensure proper cooking temperature of minimum of 145f
100154,590.003/3-401.14-P,Non-Continuous Cooking of Raw Animal Foods (P),2021-04-02 14:40:41,Fail,,HE_Fail,2021-04-02 14:40:41,Per interview with PIC products are being cooked twice. They partially cook the first time and finish cooking prior to service. Review procedures for them to discontinue this practice without approvals
100155,590.003/3-401.14-PF,Non-Continuous Cooking of Raw Animal Foods (Pf),2020-01-13 08:25:27,Fail,,HE_Fail,2020-01-13 08:25:27,Chicken being partially cooked  cooled and then stored in the walk-in cooler until needed for service. Discontinue all non-continuous cooking processes and ensure chicken is being cooked thouroughly. Chicken was removed from service at the time of the in
100156,590.003/3-402.11-P,Parasite Destruction (P),2020-11-19 14:41:07,Fail,,HE_Fail,2020-11-19 14:41:07,Provide annual letter of parasite destruction
100157,590.003/3-402.12-PF,Records  Creation  & Retention (Pf),2019-07-15 14:51:48,Fail,,HE_Fail,2019-07-15 14:51:48,No logs maintained for the sushi rice. Maintain proper logs.      Lab test for sushi rice  more than 1 year old.. Provide current lab test.
100158,590.003/3-403.11-P,Reheating for Hot Holding (P),2020-01-07 11:26:59,Fail,,HE_Fail,2020-01-07 11:26:59,PIC will need to properly reheat foods to 165 before putting in hot holding unit. Found meatballs 128F. PIC will remove and reheat.
100159,590.003/3-404.11-PF,Treating Juice (Pf),2020-07-28 09:46:23,Fail,,HE_Fail,2020-07-28 09:46:23,"Fresh squeezed orange juice in front display case missing warning label & expiration date.Provide proper consumer advisory label stating""this is an unpastuerized item and an expiration date."
100160,590.003/3-501.11-C,Frozen Food (C),2019-10-24 11:01:26,Fail,,HE_Fail,2019-10-24 11:01:26,Several frozen bags of chicken not properly wrapped in the freezer - visible freezer burn- address
100161,590.003/3-501.12-C,Time/Temperature Control for Safety Food  Slacking (C),2021-02-22 15:16:40,Fail,,HE_Fail,2021-02-22 15:16:40,Lamb left out to thaw Remove Thaw properly under cooling running water or under  refrigeration.
100162,590.003/3-501.13-C,Thawing (C),2021-05-12 14:57:42,Fail,,HE_Fail,2021-05-12 14:57:42,Observed thawing meat in stagnant water and room temperature. Proper procedure is thawing under refrigeration or running water. PIC Corrected on site.
100163,590.003/3-501.14-P,Cooling (P),2019-11-22 17:32:36,Fail,,HE_Fail,2019-11-22 17:32:36,provide proper cooling methods for boiled chicken
100164,590.003/3-501.15-C,(B) Cooling Methods (C),2020-08-05 11:49:33,Fail,,HE_Fail,2020-08-05 11:49:33,sausage 65 degrees/cooling at room temperature/provide proper cooling methods
100165,590.003/3-501.15-PF,(A )Cooling Methods (Pf),2021-12-08 14:47:00,Fail,,HE_Fail,2021-12-08 14:47:00,Cooked chicken in the front service cooler with an elevated temperature of 72F. PIC stated that the chicken had just recently been cooked. Esnure proper cooling methods are in place prior to being placed out for service.
100166,590.003/3-501.16-P,(A)(2) and (B) Time/Temperature Control for Safety Food  Hot and Cold Holding (P),2020-03-18 11:55:06,Fail,,HE_Fail,2020-03-18 11:55:06,potato salad 55 degrees/provide proper teemperature of 41 degrees or below
100167,590.003/3-501.16-P1,(A)(1) Time/Temperature Control for Safety Food  Hot and Cold Holding (P),2021-09-22 15:47:31,Fail,,HE_Fail,2021-09-22 15:47:31,"Several foods in the middle cold holding unit on the cooking line ar 52F and above - the unit is missing the lids to keep it cold and it sounds like the compressor might be going as it is loud and not maintaing the proper temperatures to cold hold foods "
100168,590.003/3-501.17-PF,Ready-To-Eat Time/Temperature Control for Safety Food  Date Marking (Pf),2021-05-12 14:57:42,Fail,,HE_Fail,2021-05-12 14:57:42,Ready to eat foods: potato salads and desserts held over 24 hrs. Provide proper date marking for food products
100169,590.003/3-501.18-P,Ready-To-Eat Time/Temperature Control for Safety Food  Disposition (P),2020-11-05 19:30:19,Fail,,HE_Fail,2020-11-05 19:30:19,provide proper date marking for all ready to eat foods held over 24 hours
100170,590.003/3-502.11-PF,Variance Requirement (Pf),2019-10-22 18:32:50,Fail,,HE_Fail,2019-10-22 18:32:50,Observed establishment sous vide cooking pork. Discontinue and submit HACCP plan with variance application to the health division @ 1010 Massachusetts Avenue 4th floor health divsion. COS. Product voluntarily discarded.
100171,590.003/3-502.12-P,Reduced Oxygen Packaging  Criteria (P),2021-07-06 14:26:21,Fail,,HE_Fail,2021-07-06 14:26:21,"Multiple packages of sausages sealed in home-style reduced oxygen packaging with hand written name ""medium spicy"" in Thai  but otherwise without labels or clear identifing information. PIC is unsure of source. Sausages will be embargoed until PIC can pro"
100172,590.003/3-502.12-PF,Reduced Oxygen Packaging  Criteria (Pf),2020-10-01 11:29:59,Fail,,HE_Fail,2020-10-01 11:29:59,Establishment ROP packaging cooked pork and squid. Discontinue. Submit variance request to the health department.
100173,590.003/3-601.11-C,Standards of Identity (C),2020-10-09 13:25:02,Fail,,HE_Filed,2020-10-09 13:25:02,Commercially prepared desserts are out for retail sale stored in small individually packaged containers without proper labeling  removed and addressed immediatly
100174,590.003/3-601.12-C,Honestly Presented (C),2021-11-03 11:50:05,Pass,2021-11-03 15:19:35,HE_FailExt,2021-11-03 11:50:05,White tuna represented as escolar.
100175,590.003/3-602.11-C,Food Labels (C),2021-05-12 14:57:42,Fail,,HE_Fail,2021-05-12 14:57:42,"Observed dressing in container labeled ""garlic spread"". Provide proper labeling of product"
100176,590.003/3-602.11-PF,Food Labels (Pf),2020-12-03 13:36:27,Fail,,HE_Fail,2020-12-03 13:36:27,Packaged desserts out for retail sale do not have any kabels on them  to identify the actual product nor any ingredient labeling  address
100177,590.003/3-602.12-C,Other Forms of Information (C),2019-12-16 08:56:34,Fail,,HE_Fail,2019-12-16 08:56:34,Grab and Go desserts that are pre packaged for customer self service not labeled.
100178,590.003/3-603.11-PF,Consumption of Animal Foods that are Raw  Undercooked  or Not Otherwise Processed to Eliminate Pathogens (Pf),2020-11-04 20:35:23,Fail,,HE_Fail,2020-11-04 20:35:23,"Ensure proper disclosure / reminder is on all menu's   either it be paper or on-line"
100179,590.003/3-701.11-P,Discarding or Reconditioning Unsafe  Adulterated  or Contaminated Food (P),2019-08-02 12:13:16,Pass,2019-08-06 08:08:04,HE_Pass,2019-08-02 12:13:16,Sprinkler discharge in walk in freezer multiple items affected in freezer.PIC to contact health department to discuss condemnation with a supervisor.
100180,590.003/3-801.11-P,(A)  (B)  (C)  (E) and (G) Pasteurized Foods  Prohibited Re-Service  and Prohibited Food (P),2021-12-13 11:49:31,Fail,,HE_Fail,2021-12-13 11:49:31,Unpasteurized eggs in walk-in cooler. Staff stated that eggs are under cooked to order for poached eggs. Discontinue under cooking raw eggs for HSP consumers unless raw eggs are pasteurized.
100181,590.004/4-101.11-C,Characteristics-Materials for Construction and Repair (C),2021-03-30 15:45:08,Fail,,HE_Fail,2021-03-30 15:45:08,Remove mouldy caulking from 3 bay sink behind service counter and repair.
100182,590.004/4-101.11-P,Characteristics-Materials for Construction and Repair (P),2021-09-22 15:47:31,Fail,,HE_Fail,2021-09-22 15:47:31,Lids are missing on the cold holding sandwich units on the cooking line - they have been removes due to broken hinges and missing screws -need to either repair or replace as discussed
100183,590.004/4-101.12-C,Cast Iron  Use Limitations (C),2021-03-08 10:14:33,Pass,2021-03-09 06:54:35,HE_Filed,2021-03-08 10:14:33,Numerous cast iron serving pans noted with heavy rusting- Properly clean equipment to rusting
100184,590.004/4-101.14-P,Copper Use Limitation (P),2021-02-17 11:08:00,Fail,,HE_Fail,2021-02-17 11:08:00,Copper bands on wooden sushi rice bowl with evidence of oxidation from acidity of rice making contact with copper. Discontinue using.
100185,590.004/4-101.16-C,Sponges Use Limitation (C),2022-01-05 15:11:09,Fail,,HE_Fail,2022-01-05 15:11:09,Observed sponges used at the warewashing / prep stations. Discontinue the use of sponges
100186,590.004/4-101.17-C,Wood  Use Limitation (C),2020-12-03 13:36:27,Fail,,HE_Fail,2020-12-03 13:36:27,Remove splintered wooden cutting boards in the kitchen / prep room
100187,590.004/4-101.18-C,Nonstick Coatings  Use Limitation (C),2019-07-17 11:34:04,Fail,,HE_Fail,2019-07-17 11:34:04,""
100188,590.004/4-101.19-C,Nonfood-Contact Surfaces (C),2020-01-07 11:26:59,Fail,,HE_Fail,2020-01-07 11:26:59,Clean exterior of all cooking equipment and refirgeration equipment. Clean exterior of bulk food containers in kitchen area.  Clean shelves in cooking line.  Paint blue peeling paint on wall on cooking line.
100189,590.004/4-102.11-C,Characteristics-Single-Service and Single-Use (C),2020-11-04 12:04:57,Fail,,HE_Filed,2020-11-04 12:04:57,Discontinue having unwrapped ed stirrers out for self service by the front counter
100190,590.004/4-102.11-P,Characteristics-Single-Service and Single-Use (P),2022-01-13 14:10:30,Fail,,HE_Fail,2022-01-13 14:10:30,Discontinue the reuse of aluminum pans as they are only made for a one time single use - pans cannot be cleaned and sanitized properly
100191,590.004/4-201.11-C,Equipment and Utensils-Durability and Strength (C),2020-09-03 18:21:01,Fail,,HE_Fail,2020-09-03 18:21:01,Refrigeration unit at cookline with an internal temperature of 45-46F- Discontinued use at the time of the inspection
100192,590.004/4-201.12-P,Food Temperature Measuring Devices (P),2020-11-23 15:01:40,Fail,,HE_Fail,2020-11-23 15:01:40,No high temp irreversible  indicator for high temp dishwasher .Provide
100193,590.004/4-202.11-PF,Food-Contact Surfaces-Cleanability (Pf),2020-10-01 11:29:59,Fail,,HE_Fail,2020-10-01 11:29:59,Homemade dough proofer in basement shrouded with plastic and found with exposed wood surfaces and household fans. Use approved NSF grade equipment.
100194,590.004/4-202.12-C,CIP Equipment (C),2020-06-29 15:08:08,Fail,,HE_Fail,2020-06-29 15:08:08,Clean exterior/ interior of all refrigeration units  cooking equipment and exterior bulk food containers from all visible food spills stains and soils
100195,590.004/4-202.12-PF,CIP Equipment (Pf),2019-10-10 11:55:19,Fail,,HE_Fail,2019-10-10 11:55:19,Sushi case has been relocated and now has an exposed area in the back - the location is directly beside the rear entrance allowing staff  deliveries and  the outside elements to come into contact with the raw sushi  ensure a proper barrier is in place to
100196,590.004/4-202.13-C,"""V"" Threads  Use Limitation (C)",2021-07-29 11:37:05,Fail,,HE_Fail,2021-07-29 11:37:05,Clean shelves in basement area.  Remove ice build up from freezer.
100197,590.004/4-202.15-C,Can Openers (C),2021-08-05 13:47:29,Fail,,HE_Fail,2021-08-05 13:47:29,Blade on Can opener in Kitchen is rusted and worn- Replace Can opener blade- Discontinue use until the blade is replaced or a new opener is purchased.
100198,590.004/4-202.16-C,Nonfood-Contact Surfaces (C),2021-09-29 17:07:12,Fail,,HE_Fail,2021-09-29 17:07:12,Clean shelving units under all prep tables   exterior of all bulk food storage bins  cooking equipment on the line and all refrigeration and freezer units from visible food spins   stains and soils
100199,590.004/4-202.18-C,Ventilation Hood Systems  Filters (C),2020-11-04 20:35:23,Fail,,HE_Fail,2020-11-04 20:35:23,Clean vents in the hood system from visible soils and grease deposits
100200,590.004/4-203.11-PF,Temperature Measuring Devices  Food-Accuracy (Pf),2020-06-24 11:15:32,Fail,,HE_Fail,2020-06-24 11:15:32,provide metal stem cooks thermometer
100201,590.004/4-203.12-PF,Temperature Measuring Devices  Ambient Air and Water-Accuracy (Pf),2019-12-16 08:56:34,Fail,,HE_Fail,2019-12-16 08:56:34,Multiple refrigeration units without thermometers - Prep area
100202,590.004/4-203.13-C,Pressure Measuring Devices  Mechanical Warewashing Equipment (C),2021-06-01 12:41:18,Fail,,HE_Fail,2021-06-01 12:41:18,Low Temp Dish Machine at Bar out of order. Repair.  Main Dish Machine used at this time  until repairs are performed.
100203,590.004/4-204.11-C,Ventilation Hood Systems  Drip Prevention (C),2021-01-21 11:47:07,Fail,,HE_Fail,2021-01-21 11:47:07,Hood sticker expired on December 2020 . Provide professional cleaning.
100204,590.004/4-204.111-P,Vending Machines  Automatic Shutoff (P),2020-11-24 13:16:09,Fail,,HE_Fail,2020-11-24 13:16:09,""
100205,590.004/4-204.112-C,Temperature Measuring Devices-Functionality  (C),2020-03-18 11:55:06,Fail,,HE_Fail,2020-03-18 11:55:06,rear and front reach in units/provide internal thermometers
100206,590.004/4-204.112-PF,Temperature Measuring Devices-Functionality (Pf),2020-02-06 12:16:36,Fail,,HE_Fail,2020-02-06 12:16:36,There is no irreversible thermometer available to verify the temperature of the hig temp machine.  Provide.
100207,590.004/4-204.113-C,Warewashing Machine  Data Plate Operation Specifications (C),2019-12-12 12:20:45,Fail,,HE_Fail,2019-12-12 12:20:45,Provide temperature indicating immersion disc or temperature test strips for high temp dishwasher.
100208,590.004/4-204.115-PF,Warewashing Machines  Temperature Measuring Devices (Pf),2019-11-19 13:42:30,Fail,,HE_Fail,2019-11-19 13:42:30,Gauges in disrepair on dish machine. Repair/replace
100209,590.004/4-204.116-PF,Manual Warewashing Equipment  Heaters and Baskets (Pf),2019-08-14 13:10:37,Fail,,HE_Fail,2019-08-14 13:10:37,Three Bay Sink at lower level without drain plug for wash bay. Provide.
100210,590.004/4-204.117-PF,Warewashing Machines  Automatic Dispensing of Detergents and Sanitizers (Pf),2021-12-14 13:31:34,Fail,,HE_Fail,2021-12-14 13:31:34,Chlroine not present in low temp machine  repair to read 50-150ppm of Chlorine (3 Bay set up at time of inspection @ 200ppm of Quats OK. )
100211,590.004/4-204.118-C,Warewashing Machines  Flow Pressure Device (C),2021-06-14 12:08:45,Fail,,HE_Fail,2021-06-14 12:08:45,No sanitizer pumping into main dishwasher .PIC called for repair.  Use three compartment sink or other dishwasher until repair is completed.
100212,590.004/4-204.119-C,Warewashing Sinks and Drain boards  Self-Draining (C),2021-07-02 11:15:06,Fail,,HE_Fail,2021-07-02 11:15:06,Ensure there is a clean and ample space to properly air dry clean pots and pans
100213,590.004/4-204.12-C,Equipment Openings  Closures and Deflectors (C),2019-11-12 13:41:38,Fail,,HE_Fail,2019-11-12 13:41:38,Pizza Prep unit  50F  . Repair  Food moved in unit less than hour per PIC
100214,590.004/4-204.120-C,Equipment Compartments  Drainage (C),2019-09-18 12:29:28,Pass,2019-09-20 08:59:21,HE_Filed,2019-09-18 12:29:28,"Three bay snk  basins should be reversed so that the "" sanitizer basin"" is located beside the shelving  unit containing clean pots and pans to air dry"
100215,590.004/4-204.13-C,Dispensing Equipment  Protection of Equipment and Food (C),2021-09-29 17:07:12,Fail,,HE_Fail,2021-09-29 17:07:12,Relocate and or remove all the large pots  pans and utensils fbeing stored directly on the basement floor and under the stairway - store elevated in a clean   dry area away from potential contamination
100216,590.004/4-204.13-P,Dispensing Equipment  Protection of Equipment and Food (P),2019-08-08 13:44:44,Fail,,HE_Fail,2019-08-08 13:44:44,Bowls used as scoops in bulk food containers- Provide scoop with handle
100217,590.004/4-204.16-C,Beverage Tubing  Separation (C),2020-01-02 12:06:58,Fail,,HE_Fail,2020-01-02 12:06:58,The soda tubes ar running through customer ice.  Provide separation.
100218,590.004/4-204.17-C,Ice Units  Separation of Drains (C),2021-10-13 17:04:13,Fail,,HE_Fail,2021-10-13 17:04:13,Discontinue using the compromised non- commercial cooler to store clean ice in - need a commercial grade vessel that can self drain with a proper scoop with a handle to dispense ise properly
100219,590.004/4-204.19-C,Can Openers on Vending Machines (C),2020-09-15 14:47:29,Fail,,HE_Filed,2020-09-15 14:47:29,Can opener with rust. Clean to remove or replace.
100220,590.004/4-301.11-PF,Cooling  Heating  and Holding Capacities-Equipment (Pf),2020-09-25 12:47:12,Fail,,HE_Fail,2020-09-25 12:47:12,provide proper hot holding equipment to hold all back up of hot foods at 135 degrees or above
100221,590.004/4-301.12-C,Manual Warewashing  Sink Compartment Requirements (C),2020-10-05 11:10:18,Fail,,HE_Fail,2020-10-05 11:10:18,Label to properly identify each basin of the three bay sink as discussed   WASH -RINSE - SANITIZE                                                                             Ensure eah drain has an individual drain stopper / plug
100222,590.004/4-301.12-PF,Manual Warewashing  Sink Compartment Requirements (Pf),2021-02-18 11:59:55,Fail,,HE_Fail,2021-02-18 11:59:55,PIC will need to review with staff and monitor them for warewashing or even rinsing pots in prep sink in. Staff will need to three bay or high temperature dishwasher.
100223,590.004/4-301.13-C,Drain boards (C),2019-11-20 10:43:32,Fail,,HE_Fail,2019-11-20 10:43:32,Soiles cookwear stacked on floor and with can good. Provide cart or designated area for soil wares.
100224,590.004/4-301.14-C,Ventilation Hood Systems  Adequacy (C),2020-10-09 13:25:02,Fail,,HE_Filed,2020-10-09 13:25:02,Hoor sticker has expired - owner has scheduled a professional cleaning for tomorrow - emailed confirmed from the company
100225,590.004/4-301.15-C,Clothes Washers and Dryers (C),2019-10-15 18:26:09,Fail,,HE_Fail,2019-10-15 18:26:09,Personal laundry being done in a commercial facility  discontinue
100226,590.004/4-302.12-PF,Food Temperature Measuring Devices (Pf),2021-09-22 15:47:31,Fail,,HE_Fail,2021-09-22 15:47:31,Missing food thermometers - replace
100227,590.004/4-302.13-PF,Temperature Measuring Devices  Manual and Mechanical Warewashing (Pf),2019-12-17 12:25:34,Fail,,HE_Fail,2019-12-17 12:25:34,No irreversible indicator for high temp dishwasher .
100228,590.004/4-302.14-PF,Sanitizing Solutions  Testing Devices (Pf),2020-08-05 11:49:33,Fail,,HE_Fail,2020-08-05 11:49:33,3 bay sink/provide proper test kit
100229,590.004/4-303.11-PF,Cleaning Agents and Sanitizers  Availability (Pf),2021-09-20 22:59:01,Fail,,HE_Fail,2021-09-20 22:59:01,Observed sanitizer at 3 bay sink empty. Provide and maintain sanitizer for warewashing at all times.
100230,590.004/4-401.11-C,(C) Equipment  Cloths Washers and Dryers  and Storage Cabinets  Contamination Prevention (C),2019-09-06 11:14:18,Fail,,HE_Fail,2019-09-06 11:14:18,No designated area for soiled aprons  wiping cloths  Address
100231,590.004/4-401.11-C1,Equipment  Clothes Washers  Dryers and Storage Cabinets  Contamination Prevention Location (C),2020-01-16 12:31:58,Fail,,HE_Filed,2020-01-16 12:31:58,Relocate shelving unit containing clean pots  pans and utensils that is attached to the wall directly in front of the mop sink
100232,590.004/4-402.11-C,Fixed Equipment  Spacing or Sealing-Installation (C),2020-10-28 14:26:08,Fail,,HE_Fail,2020-10-28 14:26:08,Too many people working in a very small compact area  relocate shelving and / or equipment as discussed  during this current COVID-19 crisis
100233,590.004/4-402.12-C,Fixed Equipment  Elevation or Sealing (C),2021-11-04 13:20:18,Fail,,HE_Fail,2021-11-04 13:20:18,Compromised rubber gaskets in several refrigeration units in the kitchen - address
100234,590.004/4-501.11-C,Good Repair and Proper Adjustment-Equipment (C),2019-12-12 12:20:45,Fail,,HE_Fail,2019-12-12 12:20:45,Warewash- repair faucet to handsink.
100235,590.004/4-501.110-PF,Mechanical Warewashing Equipment  Wash Solution Temperature (Pf),2019-07-22 13:20:17,Pass,2019-07-22 15:48:16,HE_Pass,2019-07-22 13:20:17,High Temp Dish Machine out of order  not working at all. Repair to warewash properly.
100236,590.004/4-501.111-P,Manual Warewashing Equipment  Hot Water Sanitization Temperatures (P),2019-12-03 14:20:51,Fail,,HE_Fail,2019-12-03 14:20:51,There is no sanitizer reading at the low temp dishwasher.  Provide proper sanitizer levels.  (They will sanitize the glasses in the three bay sink)
100237,590.004/4-501.112-PF,Mechanical Warewashing Equipment  Hot Water Sanitization Temperatures (Pf),2021-01-21 11:47:07,Fail,,HE_Fail,2021-01-21 11:47:07,High temp dishwasher unable to reach 180For above dishwasher rinse 149F  disk reads 149F. Repair dishwasher PIC ordered parts. Use Three compartment sink for all warewashing until repair is completed.
100238,590.004/4-501.113-C,Mechanical Warewashing Equipment  Sanitization Pressure (C),2019-09-17 11:00:13,Fail,,HE_Fail,2019-09-17 11:00:13,Low temp dish machine 0PPM - All ware washing will be performed in 3 bay sink with chlorine sanitizer (at time of inspection chlorine in 3 bay sink was at 100PPM) PIC also contacted the owner to contact the dish machine company
100239,590.004/4-501.114-P,Manual and Mechanical Warewashing Equipment  Chemical Sanitization-Temperature  pH  Concentration and Hardness (P),2021-12-03 14:42:55,Fail,,HE_Fail,2021-12-03 14:42:55,No sanitizer at 3 compartment sink. Bottle was empty. Replaced by PIC. Monitor chemicals to ensure they are avilable at all times.
100240,590.004/4-501.114-PF,Manual and Mechanical Warewashing Equipment  Chemical Sanitization-Temperature  pH  Concentration and Hardness (Pf),2019-12-17 12:03:20,Fail,,HE_Fail,2019-12-17 12:03:20,Three Bay Sink- Chlorine sanitizer registering much lower than 50ppm  and filled not properly (2/3 of equipment surfaces for sanitizing out).  Provide proper sanitizing solution  and performe proper warewashing all the time.
100241,590.004/4-501.115-C,Manual Warewashing Equipment  Chemical Sanitization Using Detergent-Sanitizers (C),2021-11-08 12:57:24,Fail,,HE_Fail,2021-11-08 12:57:24,No evidence of proper warewashing. Three bay sink not set up  and all three bays filled with soiled dishes. Some of the trays placed for air drying soiled to touch and sight. Perform proper warewashing all the time (wash  rinse  sanitize).
100242,590.004/4-501.116-PF,Warewashing Equipment  Determining Chemical Sanitizer Concentration (Pf),2020-10-06 13:47:17,Fail,,HE_Fail,2020-10-06 13:47:17,Chlorine reading to high at 300ppm.
100243,590.004/4-501.12-C,Cutting Surfaces (C),2020-11-04 20:35:23,Fail,,HE_Fail,2020-11-04 20:35:23,Clean cutting boards on the cooking line from visible soils and lacerations
100244,590.004/4-501.13-C,Microwave Ovens (C),2019-08-23 14:48:38,Fail,,HE_Fail,2019-08-23 14:48:38,Clean inside the microwave from food splashes
100245,590.004/4-501.14-C,Warewashing Equipment  Cleaning Frequency (C),2020-07-07 15:27:23,Fail,,HE_Fail,2020-07-07 15:27:23,Clean interior of dishmachine to remove food soil
100246,590.004/4-501.15-C,Warewashing Machines  Manufacturers Operating Instructions (C),2021-03-12 10:29:39,Fail,,HE_Fail,2021-03-12 10:29:39,Dish machine does not have detergent or sanitizer hooked up to it. Provide fully operational warewashing faciities per code requirements and manufacturers instructions.
100247,590.004/4-501.16-C,Warewashing Sinks  Use Limitation (C),2020-02-14 11:42:57,Fail,,HE_Fail,2020-02-14 11:42:57,Case of brussel sprout found in wash bay of three bay sink.  Discontinue . Use Prep sink only for fruit and vegetable.
100248,590.004/4-501.17-PF,Warewashing Equipment  Cleaning Agents (Pf),2021-03-03 14:24:42,Fail,,HE_Fail,2021-03-03 14:24:42,No detergent water in three bay sink. Setup properly to Wash/rinse/sanitize
100249,590.004/4-501.18-C,Warewashing Equipment  Clean Solutions (C),2021-07-01 12:19:12,Fail,,HE_Fail,2021-07-01 12:19:12,Sanitizer solution set up in 3 bay sink with heavy food debris- Equipment must be properly rinsed prior to warewashing
100250,590.004/4-501.19-PF,Manual Warewashing Equipment  Wash Solution Temperature (Pf),2022-02-07 15:02:57,Fail,,HE_Fail,2022-02-07 15:02:57,No evidence of proper washing taking place. Wash bay only 1/3 filled with large amount of soiled dishes over the water line. Rinse bay not set up  and with food debris. Provide proper washing.
100251,590.004/4-502.11-C,(A) and (C) Good Repair and Calibration-Utensils and Temperature and Pressure Measuring Devices (C),2021-06-14 12:08:45,Fail,,HE_Fail,2021-06-14 12:08:45,Low temp dishwasher gauge reading 90F hot temp 130F.Repair gauge for accurate water temperature.
100252,590.004/4-502.11-PF,(B) Good Repair and Calibration (Pf),2021-12-01 10:57:06,Fail,,HE_Fail,2021-12-01 10:57:06,Condensor in walk-in freezer leaking and frost build up on shelving  repair
100253,590.004/4-502.12-P,Single-Service and Single-Use Articles  Required Use (P),2020-06-26 12:28:52,Fail,,HE_Fail,2020-06-26 12:28:52,Discontinue practices of self service maple syrup  ketchup  mustard and any other containers neing allowed on customer tables. Either individually packaged items are allowed or the wait staff can assist as discussed during inspection.
100254,590.004/4-502.13-C,Single-Service and Single-Use Articles-Use Limitations (C),2019-07-17 12:08:33,Fail,,HE_Fail,2019-07-17 12:08:33,Establishment using box eggplant came in for cut eggplant. Discontinue.
100255,590.004/4-601.11-C,(B) and (C) Equipment  Food-Contact Surfaces  Nonfood-Contact Surfaces  and Utensils (C),2021-03-30 15:45:08,Fail,,HE_Fail,2021-03-30 15:45:08,Clean interior of all ice cream chest to remove spills.
100256,590.004/4-601.11-PF,(A) Equipment  Food-Contact Surfaces  Nonfood-Contact Surfaces  and Utensils (Pf),2021-10-21 11:50:55,Fail,,HE_Fail,2021-10-21 11:50:55,Observed juice machines soiled with spills. Discussed with PIC to clean and sanitize equipment.
100257,590.004/4-602.11-C,Equipment Food-Contact Surfaces and Utensils-Frequency (C),2019-08-08 12:33:45,Fail,,HE_Fail,2019-08-08 12:33:45,Clean interior top of microwave oven in prep area.
100258,590.004/4-602.11-P,Equipment Food-Contact Surfaces and Utensils-Frequency (P),2020-11-06 12:54:25,Fail,,HE_Fail,2020-11-06 12:54:25,Several cutting board surfaces are visibly compromised with lacerations  clean to remove or discard
100259,590.004/4-602.12-C,Cooking and Baking Equipment (C),2019-10-24 11:01:26,Fail,,HE_Fail,2019-10-24 11:01:26,Clean all large cooking pots  kettles and pans from an accumulation of visible soils
100260,590.004/4-602.13-C,Nonfood Contact Surfaces (C),2021-05-12 14:57:42,Fail,,HE_Fail,2021-05-12 14:57:42,Observed soil in upright freezer. Clean to remove
100261,590.004/4-603.11-C,Dry Cleaning-Methods (C),2021-12-03 11:50:14,Fail,,HE_Fail,2021-12-03 11:50:14,"Numerous areas throughout establishment with encrusted soils and food residues including but no limited to: Shelving along front service area Storage shelving for products Floors throughout including under and behind equipment Stairs to exterior door at "
100262,590.004/4-603.12-C,Preclearing (C),2020-02-04 13:03:36,Fail,,HE_Fail,2020-02-04 13:03:36,Three compartment Wash and risne Bay filled with soiled cookware Remove
100263,590.004/4-603.13-C,Loading of Soiled Items  Warewashing Machines (C),2019-07-26 11:47:29,Fail,,HE_Filed,2019-07-26 11:47:29,Clean storage shelving to remove soils.
100264,590.004/4-603.14-C,Wet Cleaning (C),2021-10-20 15:00:15,Fail,,HE_Fail,2021-10-20 15:00:15,Wash sink was not filled with soapy water in order to immerse the equipment. Review proper warewashing - wash rinse sanitize in filled compartments.
100265,590.004/4-603.15-C,Washing  Procedures for Alternative Manual Warewashing Equipment (C),2019-09-24 13:44:45,Fail,,HE_Fail,2019-09-24 13:44:45,Pot observed being washed and rinsed inside of the rinse bay of the 3 compartment sink. Disocntinue and ensure all staff have been proeprly trained on how to wash rinse and sanitize al equipment.
100266,590.004/4-603.16-C,Rinsing Procedures (C),2021-03-03 14:24:42,Fail,,HE_Fail,2021-03-03 14:24:42,Setup rinse water in three compartment sink.
100267,590.004/4-702.11-P,Before Use After Cleaning (P),2019-09-19 13:28:30,Fail,,HE_Fail,2019-09-19 13:28:30,Ice cream scoop observed being washed in preparation sink then placed back out for use in serving. Discontinue and ensure dish machine is being used to properly wash rinse and sanitize equipment and utensils.
100268,590.004/4-703.11-P,Hot Water and Chemical-Methods (P),2019-12-31 10:46:17,Fail,,HE_Fail,2019-12-31 10:46:17,2 bay sink in basement using a chlorine sanitzer / Discontinue and provide a detergent no rinse sanitizer in both bays to properly wash and sanitize in a 2 bay sink.
100269,590.004/4-801.11-C,Clean Linens (C),2019-09-19 11:29:38,Fail,,HE_Fail,2019-09-19 11:29:38,Some of the white wiping cloths are old and gray.  Remove stained cloths and provide new ones (owner corrected on site)
100270,590.004/4-802.11-C,Specifications-Laundering Frequency (C),2019-11-20 14:03:41,Fail,,HE_Fail,2019-11-20 14:03:41,Soiled linens strewn about the basement floors.  Soiled rags stored in overflowing plastic bag in kitchen / Provide a separate laundry basket for soiled linens and launder on a regular schedule.
100271,590.004/4-803.11-C,Storage of Soiled Linens (C),2019-10-24 11:01:26,Fail,,HE_Fail,2019-10-24 11:01:26,Keep all soiled linen in a closed container / bag and keep elevated off the floor and way from foods and clean areas
100272,590.004/4-803.12-C,Mechanical Washing (C),2021-11-09 14:28:37,Fail,,HE_Fail,2021-11-09 14:28:37,Wash gauge not working
100273,590.004/4-901.11-C,Equipment and Utensils  Air-Drying Required (C),2021-02-16 15:27:34,Fail,,HE_Fail,2021-02-16 15:27:34,Equipment is stacked after sanitizing prior to air drying-
100274,590.004/4-901.12-C,Wiping Cloths  Air Drying Location (C),2021-01-27 13:05:19,Fail,,HE_Fail,2021-01-27 13:05:19,Discontinue discarding soiled wiping cloths on the floor. store as discussed to reduce potential contamination
100275,590.004/4-902.12-C,Equipment-Lubricating and Reassembling (C),2019-11-21 17:47:04,Fail,,HE_Fail,2019-11-21 17:47:04,Specific piece of equipment used  for pasta and pastry ( table top) -PIC unfamiliar with manufacturers cleaning and sanitizjng specifications  address as discussed
100276,590.004/4-903.11-C,(A) and (C) Equipment  Utensils  Linens and Single-Service and Single-Use Articles-Storing (C),2019-12-17 12:03:20,Fail,,HE_Fail,2019-12-17 12:03:20,Observed single service items stored on the floor at the office area  lower level.  Elevate properly.
100277,590.004/4-903.11-C1,(A)  (B) and (D) Equipment  Utensils  Linens and Single-Service and Single-Use Articles Storing (C),2019-08-08 12:33:45,Fail,,HE_Fail,2019-08-08 12:33:45,Pizza oven - Replace cardboard pizza tray storage box.
100278,590.004/4-903.12-C,Prohibitions (C),2022-02-16 12:08:00,Fail,,HE_Fail,2022-02-16 12:08:00,Pizza boxes stored in basement with moist conditions and standing water   open floors walls and ceilings. Remove. Relocate to protected areas.
100279,590.004/4-903.12-C1,Prohibitions (C),2020-02-14 10:55:30,Fail,,HE_Fail,2020-02-14 10:55:30,Knife observed being stored in between cooler and preparation table. Discontinue and store all knives in a clean and protected area.
100280,590.004/4-904.11-C,Kitchenware and Tableware-Preventing Contamination (C),2022-01-05 11:54:14,Fail,,HE_Fail,2022-01-05 11:54:14,Several trays stored on the floor near the stairs going to lower level. Elevate properly.
100281,590.004/4-904.11-C1,Kitchenware and Tableware-Preventing Contamination (C),2021-12-20 11:25:11,Fail,,HE_Filed,2021-12-20 11:25:11,Plastic forks with lip contact surface exposed. Store to present handle.
100282,590.004/4-904.12-C,Soiled and Clean Tableware (C),2022-01-26 14:50:31,Fail,,HE_Fail,2022-01-26 14:50:31,Ensure all soiled aprons and rags are kept elevated off the floors and placed in a container with a lid or a laundry bag to reduce potential contamination
100283,590.004/4-904.13-C,Preset Tableware (C),2020-07-01 15:20:11,Fail,,HE_Fail,2020-07-01 15:20:11,Discontinue presetting tables in the dining area to reduce potential contamination
100284,590.004/4-904.14-C,Rinsing Equipment and Utensils after Cleaning and Sanitizing (C),2019-11-20 12:44:08,Fail,,HE_Fail,2019-11-20 12:44:08,Clean dishes stagnant and piled on top of one another not properly air drying - rinse and air dry as discussed
100285,590.005(A)/5-101.13-P,Bottled Drinking Water (P),2021-09-20 13:17:26,Fail,,HE_Fail,2021-09-20 13:17:26,B ottles waters and iced coffees put for retail sale - labels are homemade -no wholesale receipts - discontinue selling these products until you can provide a proper wholesale receipts - facility does not have a manafacturing license on site
100286,590.005(B)/5-102.11-P,Standards-Quality (P),2020-09-11 12:52:22,Fail,,HE_Fail,2020-09-11 12:52:22,Rotten cabbage heads in the walk in downstairs  rotten red onions and some uncovered cheese with visible mold growth  discarded immediately
100287,590.005/5-101.12-P,System Flushing and Disinfection (P),2020-03-05 10:12:21,Pass,2020-03-05 15:39:38,HE_Pass,2020-03-05 10:12:21,properly flush and clean all coffee units  handsinks  ice machines dishmachines  vegetable spray and filters before use
100288,590.005/5-103.11-PF,Capacity-Quantity and Availability (Pf),2020-03-17 13:26:34,Pass,2020-03-18 08:53:00,HE_Pass,2020-03-17 13:26:34,At the time of the inspection hand sinks in the main kitchen area were unable to produce hot water. Hot water in the restrooms was sufficient. Address and ensure hot water is sufficient throughout all business hours.
100289,590.005/5-103.12-PF,Pressure (Pf),2020-08-21 14:53:44,Fail,,HE_Fail,2020-08-21 14:53:44,Cold water at hand sink on cooking line leaking. PIC stated that plumber has come out and is getting a part to repair.
100290,590.005/5-201.11-P,Approved-Materials (P),2019-07-24 12:53:13,Fail,,HE_Fail,2019-07-24 12:53:13,Prep table and extensive prep activity at the lower level  but no prep sink. Per PIC hand sink used to wash some food items.  Provide a prep sink.
100291,590.005/5-202.11-C,Approved System and Cleanable Fixtures (C),2020-07-31 11:00:34,Fail,,HE_Fail,2020-07-31 11:00:34,There is duct tape wrapped around the faucets at the handsink in the bathroom.  Provide a cleanable surface.
100292,590.005/5-202.11-P,Approved System and Cleanable Fixtures (P),2019-12-17 12:03:20,Fail,,HE_Fail,2019-12-17 12:03:20,Observed open drain pipe at lower level  draining in metal tray.  Provide proper insallation from a licensed plumber.
100293,590.005/5-202.12-C,Handwashing Sinks  Installation (C),2021-05-24 11:49:00,Fail,,HE_Fail,2021-05-24 11:49:00,No paper towels at hand sink  supply. Corrected on site
100294,590.005/5-202.12-PF,Handwashing Sinks  Installation (Pf),2020-01-03 11:01:34,Fail,,HE_Fail,2020-01-03 11:01:34,The sink in the back prep area has hot water but the cold is not working.  Repair (employees observed washing their hands with hot water)
100295,590.005/5-202.13-P,Backflow Prevention  Air Gap (P),2020-07-07 12:53:19,Fail,,HE_Fail,2020-07-07 12:53:19,3 bay sink/provide prper backflow preventor to silver hose
100296,590.005/5-202.14-P,Backflow Prevention Device  Design Standard (P),2020-07-21 07:53:11,Fail,,HE_Fail,2020-07-21 07:53:11,provide backflow preventor to hose in basement
100297,590.005/5-202.15-C,Conditioning Device  Design (C),2019-08-12 13:54:59,Fail,,HE_Fail,2019-08-12 13:54:59,Single bay sink in the basement area not draining properly. Address and make any necessary repairs. Pipe under the second single bay sink is leaking. Address and make any necessary repairs. Faucet at the 3 bay sink is leaking. Address and make any necess
100298,590.005/5-203.11-PF,Handwashing Sinks-Numbers and Capacities (Pf),2019-12-16 08:56:34,Fail,,HE_Fail,2019-12-16 08:56:34,One hand sink in ware washing area - No hand sink in side prep and front prep - Owner applied for a variance
100299,590.005/5-203.12-C,Toilets and Urinals (C),2020-06-08 12:10:10,Fail,,HE_Fail,2020-06-08 12:10:10,Water closet missing cover. Provide.
100300,590.005/5-203.13-C,Service Sink (C),2019-10-08 12:05:12,Fail,,HE_Fail,2019-10-08 12:05:12,provide a mop sink.
100301,590.005/5-203.14-P,Backflow Prevention Device  When Required (P),2022-01-24 10:54:32,Fail,,HE_Fail,2022-01-24 10:54:32,Ice cream mixing machine drain is plumbed into a handsink waste drain with not air gap or backflow prevention.
100302,590.005/5-204.11-PF,Handwashing Sinks-Location and Placement (Pf),2020-03-12 12:21:15,Fail,,HE_Fail,2020-03-12 12:21:15,In the kitchen  remove trash barrel stored in front of the hand sink.
100303,590.005/5-204.12-C,Backflow Prevention Device  Location (C),2019-12-24 10:59:11,Fail,,HE_Fail,2019-12-24 10:59:11,Backflow draining onto drain board on wash side of three bay sink. This will be checked with Plumbing Dept. at 1010 Mass Ave. and you will be called with results.
100304,590.005/5-205.11-PF,Using a Handwashing Sink-Operation and Maintenance (Pf),2021-10-21 11:50:55,Fail,,HE_Fail,2021-10-21 11:50:55,Observed wiping towels stored in front handsink. Discussed with PIC to maintain all handsinks clear and accessible for handwashing only. PIC corrected on site
100305,590.005/5-205.12-PF,Prohibiting a Cross Connection (Pf),2020-11-23 11:58:46,Pass,2020-11-24 07:56:02,HE_FailExt,2020-11-23 11:58:46,Dip well not draining. Potable water spout submerged in water with floating clumps.- Repair to provide proper air gap.
100306,590.005/5-205.15-C,System Maintained in Good Repair (C),2020-03-18 11:55:06,Fail,,HE_Fail,2020-03-18 11:55:06,repair rear restroom toilet to remove odors remove water purifier from front handsink
100307,590.005/5-205.15-P,System Maintained in Good Repair (P),2022-01-28 10:52:14,Pass,2022-01-28 11:17:59,HE_FailExt,2022-01-28 10:52:14,Water has been shut off to the establishment basement kitchen drains observed clogged water leaking through the ceiling.Repair all necessary locations unclog all drains. Provide licensed plumbers report to the Health Division.
100308,590.005/5-302.11-C,Enclosed System  Sloped to Drain (C),2020-02-19 11:24:56,Fail,,HE_Fail,2020-02-19 11:24:56,Provide an enclosure around the mop sin located in the dish room
100309,590.005/5-304.12-C,Using a Pump and Hoses  Backflow Prevention (C),2020-07-24 17:22:09,Fail,,HE_Filed,2020-07-24 17:22:09,Ensure floor pump is properly cleaned and sanitized - remove all visible soils and debris as discussed during inspection in the basement area of the facility
100310,590.005/5-401.11-C,Capacity and Drainage (C),2021-10-01 13:56:15,Fail,,HE_Fail,2021-10-01 13:56:15,Container alongside the woks that is collecting the oils and waste water when rinsing the cooking area is visibly soiled with heavy grease and grime  cleaning utensils used to scrape the bottom of the woks are being stored inside this waste remove and re
100311,590.005/5-402.11-P,Backflow Prevention (P),2020-07-29 12:47:32,Fail,,HE_Fail,2020-07-29 12:47:32,black hose at 3 bay sink/provide backflow preventor
100312,590.005/5-402.12-C,Grease Trap(C),2020-11-04 20:35:23,Fail,,HE_Fail,2020-11-04 20:35:23,Clean to remove visible grease deposits
100313,590.005/5-402.13-P,Conveying Sewage (P),2022-01-06 12:26:16,Fail,,HE_Fail,2022-01-06 12:26:16,Strong odors of raw sewage - Sewer injector pump located in prep area
100314,590.005/5-402.15-C,Flushing a Waste Retention Tank (C),2020-03-06 12:57:20,Fail,,HE_Fail,2020-03-06 12:57:20,Oil waste container  for oil recycling  soile with grease on top and around bottom. Clean properly area around and the container itself (using professional cleaning company). Provide invoices as evidence.
100315,590.005/5-403.12-C,Other Liquid Wastes and Rainwater (C),2022-02-16 12:08:00,Fail,,HE_Fail,2022-02-16 12:08:00,Standing water on floor on both sides of basement with cinder blocks and plastic pallets in place to serve as a clearance for water and walking surface. Clean and sanitize all affected areas. Determine source of groundwater and make all necessary repairs
100316,590.005/5-501.11-C,Outdoor Storage Surface (C),2021-06-30 11:28:45,Fail,,HE_Fail,2021-06-30 11:28:45,clean grounds around the dumpsters and oil storage containers. Remove all loose debris.
100317,590.005/5-501.110-C,Storage Refuse  Recyclables and Returnable (C),2021-12-01 12:06:31,Fail,,HE_Fail,2021-12-01 12:06:31,Grease barrel inside establishment in back of kitchen has no cover. Provide.
100318,590.005/5-501.111-C,Area  Enclosures and Receptacles  Good Repair (C),2019-09-06 11:19:10,Fail,,HE_Fail,2019-09-06 11:19:10,Clean outside trash storage area of bucket of standing water  trash  debri and buildup.
100319,590.005/5-501.112-C,Outside Storage Prohibitions (C),2021-12-21 10:34:33,Fail,,HE_Fail,2021-12-21 10:34:33,Remove all unuse and unnecessary articles - Outside area
100320,590.005/5-501.113-C,Covering Receptacles (C),2019-11-20 10:43:32,Fail,,HE_Fail,2019-11-20 10:43:32,no cover receptacle in restroom  provide.
100321,590.005/5-501.114-C,Using Drain Plugs (C),2022-02-10 11:37:23,Fail,,HE_Fail,2022-02-10 11:37:23,Provide working drain plugs for each bay of 3 bay sink
100322,590.005/5-501.115-C,Maintaining Refuse Areas and Enclosures (C),2020-07-10 10:05:10,Fail,,HE_Fail,2020-07-10 10:05:10,Grill and old refrigerator in outide area. Remove.
100323,590.005/5-501.116-C,Cleaning Receptacles (C),2022-02-16 12:08:00,Fail,,HE_Fail,2022-02-16 12:08:00,Waste oil container with caked on soils. Clean to remove or contact company for replacement container.
100324,590.005/5-501.12-C,Outdoor Enclosure (C),2019-12-02 14:55:29,Fail,,HE_Fail,2019-12-02 14:55:29,Replace broken door sweep on the rear delivery door
100325,590.005/5-501.13-C,Receptacles (C),2021-08-23 12:30:31,Fail,,HE_Fail,2021-08-23 12:30:31,In the trash storage area  keep barrels closed at all times. Provide more barrels or more trash pickups to ensure trash totes are always closed.
100326,590.005/5-501.15-C,Outside Receptacles (C),2019-10-24 11:01:26,Fail,,HE_Fail,2019-10-24 11:01:26,Ensure tight fitting lids on all trash receptacles
100327,590.005/5-501.16-C,Storage Areas  Rooms and Receptacles  Capacity and Availability (C),2021-09-24 13:32:12,Fail,,HE_Fail,2021-09-24 13:32:12,Keep area clean and clear from clutter and debris
100328,590.005/5-501.17-C,Toilet Room Receptacle  Covered (C),2020-03-18 11:55:06,Fail,,HE_Fail,2020-03-18 11:55:06,rear restroom/provide covered waste receptacle
100329,590.005/5-501.18-C,Cleaning Implements and Supplies (C),2020-09-08 14:39:10,Fail,,HE_Fail,2020-09-08 14:39:10,Mops  brooms etc are not stored 6 inches above the ground on rack or hook - Mop sink closet
100330,590.005/5-502.11-C,Frequency-Removal (C),2020-07-10 10:05:10,Fail,,HE_Fail,2020-07-10 10:05:10,Dumpster overflowing with trash and doors open. Remove. No site cleanliness license. Provide. Application provided to owner.
100331,590.005/5-502.12-C,Receptacles or Vehicles (C),2019-11-25 13:24:54,Fail,,HE_FailExt,2019-11-25 13:24:54,Provide documentation for removal of grease waste from establishment
100332,590.005/5-503.11-C,Community or Individual Facility (C),2021-04-12 14:14:40,Fail,,HE_Fail,2021-04-12 14:14:40,"Observed customers [ non employees ] changing their clothing and what appears to be bathing inside the men's room - been an on going concern in the store although management has made positive attempts at resolving the issue. Manager stated that they nhav"
100333,590.006/6-101.11-C,Surface Characteristics-Indoor Areas (C),2020-11-05 19:30:19,Fail,,HE_Fail,2020-11-05 19:30:19,basement/resurface worn floor
100334,590.006/6-102.11-C,Surface Characteristics-Outdoor Areas (C),2019-07-17 08:17:11,Fail,,HE_Fail,2019-07-17 08:17:11,1) Hood vents with carbon build up & grease build up  Clean to remove  1) Floor in basement with pooling water from condenser  clean to remove
100335,590.006/6-201.11-C,Floors  Walls and Ceilings-Cleanability (C),2021-05-07 11:17:07,Fail,,HE_Fail,2021-05-07 11:17:07,Provide finshed ceiling over the coffee bar location. Ceiling to be smooth/durable/cleanable  Spoke to Assistant Commissioner Dan Prendergast. Pictures have been submitted to the Health Division of the ceiling location over the coffee bar for review. The
100336,590.006/6-201.12-C,Floors  Walls  and Ceilings  Utility Lines (C),2021-11-03 10:47:15,Fail,,HE_Filed,2021-11-03 10:47:15,The ceiling is an exposed ceiling.  Provide a cleanable surface (will talk to heatlh department supervisors about the ceiling)
100337,590.006/6-201.13-C,Floor and Wall Junctures  Coved  and Enclosed or Sealed (C),2021-03-03 12:54:07,Fail,,HE_Fail,2021-03-03 12:54:07,Floor at lower level with gaps. Paint to seal   or repair.
100338,590.006/6-201.14-C,Floor Carpeting  Restrictions and Installation (C),2021-09-10 10:43:33,Fail,,HE_Filed,2021-09-10 10:43:33,Observed carpet on floors in walk in / freezer unit. Remove and maintain floors smooth  clean and durable
100339,590.006/6-201.15-C,Floor Covering  Mats and Duckboards (C),2021-03-30 12:10:49,Fail,,HE_Filed,2021-03-30 12:10:49,Remove absorbant cardboard from floors
100340,590.006/6-201.16-C,Wall and Ceiling Coverings and Coatings (C),2021-01-28 14:32:05,Fail,,HE_Filed,2021-01-28 14:32:05,Several areas of the inside of the refrigerated walk-in appear rusted from condensation - resurface the pole / beam in front of the freezer door - cover the rusted pipe above the freezer door as discussed - resurface the inside of the refrigerated walk-i
100341,590.006/6-201.17-C,Walls and Ceilings  Attachments (C),2020-11-04 20:35:23,Fail,,HE_Fail,2020-11-04 20:35:23,Ensure a clean smooth durable and non absorbant surface is on the ceiling areas above clean pots  pans and utensils shelving units in the basement
100342,590.006/6-201.18-C,Walls and Ceilings  Studs  Joists  and Rafters (C),2019-08-12 13:54:59,Fail,,HE_Fail,2019-08-12 13:54:59,Portion of ceiling in the basement area missing and with exposed pipes. Replace all missing sheet rock.
100343,590.006/6-202.11-C,Light Bulbs  Protective Shielding (C),2020-03-18 11:55:06,Fail,,HE_Fail,2020-03-18 11:55:06,rear storage room and front service line/provide proper light shields
100344,590.006/6-202.110-C,Outdoor refuse Areas  Curbed and Graded to Drain (C),2021-12-22 13:55:34,Fail,,HE_Fail,2021-12-22 13:55:34,""
100345,590.006/6-202.111-P,Private Homes and Living or Sleeping Quarters  Use Prohibition (P),2021-10-13 10:51:09,Fail,,HE_Fail,2021-10-13 10:51:09,Remove two couches and pillows in basment storage area.
100346,590.006/6-202.112-C,Living or Sleeping Quarters  Separation (C),2019-10-15 18:26:09,Fail,,HE_Fail,2019-10-15 18:26:09,Fold up cots and beds in the basement with sheets and blankets  discontinue practices
100347,590.006/6-202.12-C,Heating  Ventilation  Air Conditioning System Vents (C),2021-06-16 11:16:26,Fail,,HE_Fail,2021-06-16 11:16:26,repair vent. system in restroom.
100348,590.006/6-202.13-C,Insect Control Devices  Design and Installation (C),2021-11-24 12:03:44,Fail,,HE_Fail,2021-11-24 12:03:44,There are dead cockroaches on traps in basement.  Remove and provide updated pest reports.
100349,590.006/6-202.14-C,Toilet Rooms  Enclosed (C),2020-09-25 12:47:12,Fail,,HE_Fail,2020-09-25 12:47:12,restroom/provide self closing door
100350,590.006/6-202.15-C,Outer Openings  Protected (C),2019-11-15 11:42:14,Fail,,HE_Fail,2019-11-15 11:42:14,Side door with daylight emitting around perameters. Seal with pest proof materials.
100351,590.006/6-202.16-C,Exterior Walls and Roofs  Protective Barrier (C),2019-08-14 13:10:37,Fail,,HE_Fail,2019-08-14 13:10:37,Door at the rear with gaps  and screen does not cover all door area.  Provide proper closing doors/screens  close all the gaps.
100352,590.006/6-202.17-C,Outdoor Food Vending Areas. Overhead Protection (C),2020-01-22 11:08:59,Fail,,HE_Fail,2020-01-22 11:08:59,Build up of dust on fan in walkin refrigeration unit. Clean
100353,590.006/6-202.18-C,Outdoor Servicing Areas  Overhead Protection (C),2020-06-24 11:55:08,Fail,,HE_Fail,2020-06-24 11:55:08,Twomof the six outdoor picnic tables do not have an umbrella / overhead protection  address as discussed
100354,590.006/6-202.19-C,Outdoor Walking and Driving Surfaces  Graded to Drain (C),2021-07-30 08:17:57,Fail,,HE_Fail,2021-07-30 08:17:57,Standing water in outdoor storage area. Grade to drain.
100355,590.006/6-301.11-PF,Handwashing Cleanser  Availability (Pf),2019-10-24 18:12:04,Fail,,HE_Fail,2019-10-24 18:12:04,Provide soap for bar handwash sink.
100356,590.006/6-301.12-PF,Hand Drying Provision (Pf),2020-03-18 11:55:06,Fail,,HE_Fail,2020-03-18 11:55:06,rear restroom/provide paper towels and toilet paper in dispenser
100357,590.006/6-301.13-C,Handwashing Aids and Devices  Use Restrictions (C),2021-09-22 15:47:31,Fail,,HE_Fail,2021-09-22 15:47:31,Keep all hand sinks clean and clutter free throughout the facility so staff can wash hands properly
100358,590.006/6-301.14-C,Handwashing Signage  (C),2020-03-18 11:55:06,Fail,,HE_Fail,2020-03-18 11:55:06,provide proper handwash signage that is understood by both languages
100359,590.006/6-302.11-PF,Toilet Tissue  Availability (Pf),2021-10-21 11:50:55,Fail,,HE_Fail,2021-10-21 11:50:55,Observed no toilet tissue in restrooms. Discussed with PIC to maintain toilet tissue in restrooms at all times. PIC corrected on site
100360,590.006/6-303.11-C,Intensity-Lighting (C),2021-12-01 12:06:31,Fail,,HE_Fail,2021-12-01 12:06:31,Light bulbs on hood of stove in kitchen are burned out. Replace.
100361,590.006/6-304.11-C,Mechanical-Ventilation (C),2021-09-29 17:07:12,Fail,,HE_Fail,2021-09-29 17:07:12,Water dripping slightly from the unit duct going across the ceiling behind the cooking line- address
100362,590.006/6-305.11-C,Designation-Dressing Areas and Lockers (C),2021-09-29 17:07:12,Fail,,HE_Fail,2021-09-29 17:07:12,Ensure all personal clothing   shoes  uniforms  backpacks are being stored in the designated locker room areas and not scattered throughout the entire basement
100363,590.006/6-402.11-C,Conveniently Located (C),2021-10-04 15:36:18,Fail,,HE_Fail,2021-10-04 15:36:18,Restroom was stocked with soap and paper towels. No handwashing signage. Please provide.
100364,590.006/6-403.11-C,Designated Areas-Employee Accommodations for eating / drinking/smoking (C),2019-10-28 14:05:21,Fail,,HE_Fail,2019-10-28 14:05:21,Employees are eating in the kitchen.  Provide an area for employees to eat to prevent contamination in the kitchen.
100365,590.006/6-404.11-PF,Segregation and Location-Distressed Merchandise (Pf),2022-01-28 10:52:14,Pass,2022-01-28 11:17:58,HE_FailExt,2022-01-28 10:52:14,Discard all contaminated food items at the cook line open top reach ins upright refrigeration units reach in freezers. Manager instructed to contact ISD office to discuss possible condemnation of all items before discarding.
100366,590.006/6-501.11-C,Repairing-Premises  Structures  Attachments  and Fixtures-Methods (C),2020-09-25 12:47:12,Fail,,HE_Fail,2020-09-25 12:47:12,provide door sweep to rear door to trash
100367,590.006/6-501.110-C,Using Dressing Rooms and Lockers (C),2020-10-09 13:25:02,Fail,,HE_Filed,2020-10-09 13:25:02,Utilize the designated location for all personal belongings instead of discarding bags and clothing underneath food prep table in the kitchen
100368,590.006/6-501.111-C,Controlling Pests (C),2020-11-04 20:17:27,Fail,,HE_Fail,2020-11-04 20:17:27,remove all rodent traps from kitchen shelving
100369,590.006/6-501.111-PF,Controlling Pests (Pf),2021-10-08 10:54:55,Fail,,HE_Fail,2021-10-08 10:54:55,There have been some rodent sightings in the dining room  they have the exterminator coming in every week and they are trying to control the pests.  Do all the work the exterminator is recommending  including patching any holes in the benches and cleanin
100370,590.006/6-501.112-C,Removing Dead or Trapped Birds  Insects  Rodents and other Pest (C),2019-12-17 12:03:20,Fail,,HE_Fail,2019-12-17 12:03:20,Observed traps with dead cocroaches on them . Ensure the they are removed with proper frequency. Provide a copy of latest IPM report from a licensed  exterminator.
100371,590.006/6-501.113-C,Storing Maintenance Tools (C),2020-07-01 15:20:11,Fail,,HE_Fail,2020-07-01 15:20:11,Remove the soiled  power washer stored underneath a food storage shelving unit and store as discussed
100372,590.006/6-501.114-C,Maintaining Premises  Unnecessary Items and Litter (C),2020-03-18 11:55:06,Fail,,HE_Fail,2020-03-18 11:55:06,clean outside grounds provide covered grease barrel container rear door/provide door sweep on rear door to remove daylight
100373,590.006/6-501.115-PF,Prohibiting Animals (Pf),2020-09-10 12:48:33,Fail,,HE_Fail,2020-09-10 12:48:33,observed customers bring animals into establishment and at outdoor seating area/animals are not allowed at dining areas or resaturant areas
100374,590.006/6-501.12-C,Cleaning  Frequency and Restrictions (C),2020-08-10 11:43:56,Fail,,HE_Filed,2020-08-10 11:43:56,Wooden shelves in basement with visible soils and paint worn / Clean and repaint.
100375,590.006/6-501.13-C,Cleaning Floors  Dustless Methods (C),2021-02-22 15:16:40,Fail,,HE_Fail,2021-02-22 15:16:40,Soils and food debris on floor thoughtout establishment .  Swipe and wash to remove all soils.
100376,590.006/6-501.14-C,Cleaning Ventilation Systems  Nuisance and Discharge Prohibition (C),2021-10-21 11:50:55,Fail,,HE_Fail,2021-10-21 11:50:55,Observed hood sticker expired September 2021. Discussed with PIC to contact hood cleaning company to schedule and contact the Health department to submit email confirmation
100377,590.006/6-501.15-PF,Cleaning Maintenance Tools  Preventing Contamination (Pf),2021-05-25 12:22:46,Fail,,HE_Fail,2021-05-25 12:22:46,PIC stated that unused prep sink is used for disposal of mop water. Discontinue using prep sink in warewashing area for disposal of mop water. Use mop sink in back closet.
100378,590.006/6-501.16-C,Drying Mops (C),2021-12-01 13:19:08,Fail,,HE_Fail,2021-12-01 13:19:08,Wet mops in mop closet. Hang mops to dry so as to avoid attracting pests.
100379,590.006/6-501.17-C,Absorbent Materials on Floors  Use Limitation (C),2021-06-15 15:05:07,Fail,,HE_Fail,2021-06-15 15:05:07,Remove grease absorbed cardboard from the floor.
100380,590.006/6-501.18-C,Cleaning of Plumbing Fixtures (C),2020-11-06 12:54:25,Fail,,HE_Fail,2020-11-06 12:54:25,Clean inside the pryolators from visible grease and grime
100381,590.006/6-501.19-C,Closing Toilet Room Doors (C),2020-01-16 12:31:58,Fail,,HE_Filed,2020-01-16 12:31:58,Restroom door is not self closing - address as discussed during inspection
100382,590.007/7-101.11-PF,Identifying Information  Prominence-Original Containers (Pf),2019-10-29 12:35:10,Fail,,HE_Fail,2019-10-29 12:35:10,Provide labels on all chmical spray bottles.
100383,590.007/7-102.11-PF,Common Name-Working Containers (Pf),2021-12-01 12:06:31,Fail,,HE_Fail,2021-12-01 12:06:31,Chemicals were observed in spray bottles with no label  unable to identify. Provide.
100384,590.007/7-201.11-P,Separation-Storage (P),2020-07-16 12:24:31,Fail,,HE_Fail,2020-07-16 12:24:31,remove cans of paint stored in the basement
100385,590.007/7-202.11-PF,Restriction-Presence and Use (Pf),2022-02-14 12:49:37,Fail,,HE_Fail,2022-02-14 12:49:37,2 bottles of insecticide on premises. Discontinue keeping or using insecticides. Hire licensed pest control operator for pest problems.
100386,590.007/7-202.12-C,Conditions of Use (C),2020-08-21 11:00:19,Fail,,HE_Fail,2020-08-21 11:00:19,Raid in kitchen basement. Remove. Only approved pest control (non toxic) unless applied by a licensed exterminator.
100387,590.007/7-202.12-P,Conditions of Use (P),2021-07-02 10:49:05,Fail,,HE_Fail,2021-07-02 10:49:05,"Staff sprayed glass cleaner on cutting board. Label states cleaner is not used for sanitizing food contact surfaces. PIC removed cutting board and washed  rinsed and sanitized at three bay sink. Retrain employees to only use food safe sanitizers on food "
100388,590.007/7-202.12-PF,Conditions of Use (Pf),2021-03-02 11:17:14,Fail,,HE_Fail,2021-03-02 11:17:14,Bottle of rodent repellant spray in basement. Treatments applied by licnesed exterminator only.
100389,590.007/7-203.11-P,Poisonous or Toxic Material Containers-Container Prohibitions (P),2021-01-27 11:27:42,Fail,,HE_Fail,2021-01-27 11:27:42,Ice melts and bottles of chemical solution stored next to food in back storage area-PIC Corrected onsite- Please discontinue storing next to food .
100390,590.007/7-204.11-P,Sanitizers  Criteria-Chemicals (P),2021-12-29 10:25:13,Fail,,HE_Fail,2021-12-29 10:25:13,Chlorine sanitizer that was in use at the time of the inspection measured well over 200ppm Corrected at the time of the inspection
100391,590.007/7-204.12-P,Chemicals for Washing  Treatment  Storage and Processing Fruits and Vegetables  Criteria (P ),2021-08-25 12:00:50,Fail,,HE_Fail,2021-08-25 12:00:50,No testing strips for vegetable wash to determine if dilution is safe and correct. Discontinue using chemical vegetable wash until test strips are provided.
100392,590.007/7-206.11-P,Restricted Use Pesticides  Criteria (P),2019-10-24 11:01:26,Fail,,HE_Fail,2019-10-24 11:01:26,Discontinue the use of pesticides in the facility  remove cans of raid and contact a professionally licensed pest control provider as discussed during inspection
100393,590.007/7-206.12-P,Rodent Bait Stations (P),2020-03-02 12:57:20,Fail,,HE_Fail,2020-03-02 12:57:20,There is an open rodent bait station in the basement near the walk-in.  Remove all open bait stations.  (removed by the manager)
100394,590.007/7-206.13-C,Tracking Powders  Pest Control and Monitoring (C),2021-10-14 14:13:25,Fail,,HE_Fail,2021-10-14 14:13:25,"Tracking powder observed being used in the basement storage/preparation area's. Discontinue the use of Tracking Powders in a Food Service Establihsment unless otherwise authorized."
100395,590.007/7-206.13-P,Tracking Powders  Pest Control and Monitoring (P),2020-10-06 13:02:59,Fail,,HE_Fail,2020-10-06 13:02:59,PIC will need to have pest control inspect and remove green power on top of up right freezer in basement. Old mouse dropping mixed in. Looks like coming from celing.
100396,590.007/7-207.11-P,Restriction and Storage-Medicines (P),2021-12-06 12:06:13,Fail,,HE_Fail,2021-12-06 12:06:13,Burn spray stored next to beverage dispenser. Removed by PIC. Store medicines away from food and dispensing equipment.
100397,590.007/7-207.11-PF,Restriction and Storage-Medicines ( Pf),2020-01-06 12:12:55,Fail,,HE_Fail,2020-01-06 12:12:55,There are vitamins and employee medications stored inthe warewashing area.  Remove any medications that are not necessary to health and store these items away from food prep and warewashing.
100398,590.007/7-207.12-P,Refrigerated Medicines  Storage (P),2022-02-01 14:16:03,Fail,,HE_Fail,2022-02-01 14:16:03,Remove presciption medications from the food service areas and store segragated as discussed
100399,590.007/7-208.11-P,Storage-First Aid Supplies (P),2021-01-28 10:40:12,Fail,,HE_Fail,2021-01-28 10:40:12,Burn creams and first aid items stored on shelving above foods in kitchen- REmoved
100400,590.007/7-209.11-C,Storage-Other Personal Care Items (C),2021-01-06 14:02:56,Pass,2021-01-06 15:16:20,HE_Pass,2021-01-06 14:02:56,Purse  cell phone stored on shelving with food products. Remove.
100401,590.007/7-301.11-P,Separation-Storage and Display  Stock and Retail Sale (P),2020-07-01 15:20:11,Fail,,HE_Fail,2020-07-01 15:20:11,Food container used to bread chicken is in the walk in - it has some coating batter remaining in it from previous usagebut has some small pieces of raw chicken inside  immediately discarded by the PIC
100402,590.008/8-103.11-PF,Documentation of Proposed Variance and Justification (Pf),2019-09-17 11:15:55,Fail,,HE_Fail,2019-09-17 11:15:55,provide haccp plan and variance for vacuum packaging
100403,590.008/8-103.12-P,Conformance with Approved Procedures (P),2019-09-19 13:26:40,Fail,,HE_Fail,2019-09-19 13:26:40,Provide updated lab testing for acidification of sushi rice
100404,590.008/8-103.12-PF,Conformance with Approved Procedures (Pf),2019-11-22 17:32:36,Fail,,HE_Fail,2019-11-22 17:32:36,provide full HACCP plan with lab test  employee sign off sheets  confirmation letters and recipes provide calibrated ph meter/sushi chef testing rice ph with quat test kit provide expiration dates on buffer solutions
100405,590.008/8-103.15-C,Variances (C),2021-07-27 10:47:35,Fail,,HE_Fail,2021-07-27 10:47:35,No service sink available disposing soiled mop water in drain in mens bathroom under the urinal. Provide in writing that you have no space to install a mop sink and need a variance to disposed soiled mop water in toilet.
100406,590.008/8-201.13-C,When a HACCP Plan is Required (C),2019-10-22 18:32:50,Fail,,HE_Fail,2019-10-22 18:32:50,Observed establishment sous vide cooking pork. Discontinue and submit HACCP plan with variance application to the health division @ 1010 Massachusetts Avenue 4th floor health divsion. COS. Product voluntarily discarded.
100407,590.008/8-404.11-PF,(A) Ceasing Operations and Reporting (Pf),2022-02-14 14:31:48,Pass,2022-02-14 14:44:57,HE_Pass,2022-02-14 14:31:48,Fire in establishment at cookline on 2/13/22 with BFD reponse. Fire occured in pot of grease on stove that iginited per on site PIC Rodrigo Barcelos on site. Ansul did not discharge. BFD extinguished fire with a fire extinguisher upon response. Reponsibi
100408,590.009(E),Anti-Choking,2018-06-05 08:36:18,Fail,,HE_Fail,2018-06-05 08:36:18,While food is being served there shall be an employee on the premises trained in anti choking
100409,590.009(F),Tobacco,2017-09-12 11:18:28,Fail,,HE_Fail,2017-09-12 11:18:28,Cigarettes sitting on top of 2 door cold hold unit at cooking line  remove and discontinue storage od cigarettes in food service/food prep areas  store in employee area only
100410,590.010(A),,2021-10-06 11:24:38,Fail,,HE_Fail,2021-10-06 11:24:38,Establishment is preparing foods to be transported to sister location in Somerville. Provide catering license.
100411,590.014(B)/SummaryS-P,uspension of Permit with Notice (P),2022-02-16 12:08:00,Fail,,HE_Fail,2022-02-16 12:08:00,Permit for 2022 showing NOT PAID. Issued next day closure notice. Pay all applicable fees to ISD health at once.
100412,590.014/SummaryS-P,uspension of Permit / Emergency Closure without a Prior Hearing (P),2020-02-07 14:48:54,Fail,,HE_Fail,2020-02-07 14:48:54,post 2020 health permit.
100413,L1,,2021-01-07 11:28:02,Fail,,HE_Filed,2021-01-07 11:28:02,post 2021 city of boston health permit
100414,L2,,2020-08-19 14:11:58,Fail,,HE_Fail,2020-08-19 14:11:58,No Allergen Awareness Certification  provide.
100415,M-2-101.11,Person in charge Assigned,2016-02-17 12:52:46,Fail,,HE_Fail,2016-02-17 12:52:46,No designated PIC in charge with proper knowledge of food safety
100416,M-2-102.11,PIC Knowledge,2012-07-25 10:16:01,Fail,,HE_Fail,2012-07-25 10:16:01,Provide proof of certifed food protection manager and said must be certified in allergen awareness.
100417,M-2-103.11,PIC Performing Duties,2017-05-10 11:36:14,Fail,,HE_Fail,2017-05-10 11:36:14,Certifed food protection manager is not monitoring pest control  cleaning and general facility maintenance. Provide active managerial control as it is defined in the 1999 food code.
100418,M-2-201.11/.14 .15,Non-Compliance w/Employee Health Policy,2007-08-29 15:35:08,Fail,,HE_Fail,2007-08-29 10:39:13,""
100419,M-3-502.11-.12,Reduced Oxygen Packaging,2019-06-11 11:44:10,Fail,,HE_Fail,2019-06-11 11:44:10,They are vacuum packaging cooked meatballs then holding them hot in the circulator.  This is a speacilaized process and requires a variance for this procedure.  (The chef discarded all the meatballs)
100420,M-3-603.11,Consumer Advisories,2007-08-29 15:35:08,Fail,,HE_Fail,2007-08-29 10:39:13,Missing disclosure on consumer advisory *Food item cooked to order.
100421,M-8-103.12,Conformance w/ Approved Procedures,2018-11-26 12:01:30,Fail,,HE_Fail,2018-11-26 12:01:30,Buffer solution for PH meter expired 5/18 . Replace. to ensure proper calibration of PH Meter. No updated letter  8.2017 for parasite  destruction for raw fish . Provide current year.
